"","baseMean","log2FoldChange","lfcSE","stat","pvalue","padj"
"CA4",703.68994950951,-9.39970053051407,0.686000379510754,-12.2444546408336,1.798821500796e-34,3.10854343552557e-30
"ATP1A2",5050.25301489267,-8.28626419843324,0.789972613977136,-9.22343897689108,2.87721100142163e-20,2.48605416577836e-16
"MMP13",405.365560087505,8.14333468739078,0.789336614489807,9.04979517769858,1.4323676214226e-19,8.25091495526801e-16
"HBB",7422.54459681471,-7.32218832039739,0.75115723726376,-8.41659775978093,3.87575596465007e-17,1.67442347062795e-13
"COL11A1",9281.82763020736,9.66860817137243,1.12086350223095,7.73386603642507,1.04328818230626e-14,3.60581261568691e-11
"ATOH8",705.954015961973,-4.67536949801901,0.488328685049698,-7.52642556241595,5.21481865002882e-14,1.50195468485247e-10
"COL10A1",4375.94741759555,7.03381190159957,0.814682844550709,7.40633234387937,1.29840206360298e-13,3.20538372301758e-10
"LEP",13342.7487133952,-9.18731748140263,1.11490744131015,-7.343495233812,2.08086810912148e-13,4.49493522421603e-10
"GJB2",2326.08495167314,6.02620659666878,0.687267282880548,7.31332150077392,2.60618441182492e-13,5.00416364674961e-10
"MMP11",9462.43123735481,6.4436252907971,0.755955228375477,7.20098900895926,5.97773666363968e-13,1.03301267284357e-09
"BTNL9",4908.12673260865,-6.23419716109992,0.729829906492269,-7.17180416222826,7.40157730106642e-13,1.16166011348064e-09
"HBA2",4687.2998309208,-6.55566089075929,0.775928286947977,-7.16001850198275,8.06661730326238e-13,1.16166011348064e-09
"MYOC",905.990877684197,-8.96404751159623,1.12527393776851,-7.07742998774985,1.46852340620496e-12,1.95211946020215e-09
"HEPACAM",637.771841371337,-9.16453643756564,1.16054020382019,-7.03511727615307,1.99093475096747e-12,2.45752453081921e-09
"AQPEP",1292.40875668257,-8.24474236096355,1.0393089688831,-6.97073014654069,3.15300255857447e-12,3.63246914764836e-09
"HSD17B13",503.417901109932,-7.11263319452382,0.879517649870807,-6.94998354543733,3.65328820933358e-12,3.94577959659335e-09
"FHL1",46822.3501202284,-5.8925498851021,0.70940610719181,-6.89668419189299,5.32303350148929e-12,5.23934172164758e-09
"CIDEC",15580.9293209575,-8.86300747275159,1.14081699925936,-6.89243540187111,5.4845200116481e-12,5.23934172164758e-09
"CFD",10647.416866439,-6.16551539472328,0.750207384992135,-6.88544994098856,5.76051690939783e-12,5.23934172164758e-09
"AKR1C2",7138.50577063993,-5.42710788122548,0.648696679867923,-6.82461929992744,8.81587865412325e-12,7.61735995109519e-09
"AQP7",5638.39472753208,-8.18929863420577,1.06026844231708,-6.78064002215746,1.1964465355601e-11,9.57658717037892e-09
"SOD3",3561.38066100009,-4.42991781121332,0.506042719610879,-6.77792146451737,1.21917086828503e-11,9.57658717037892e-09
"CES1",5781.81326884817,-4.89901852705559,0.577418063135176,-6.75250529206742,1.45313760869854e-11,1.09181178330085e-08
"PCK1",5939.33412227226,-9.02033831818962,1.19530847089204,-6.70984813836728,1.94827065830142e-11,1.40283605192112e-08
"LYVE1",4890.22977400022,-6.33733509316189,0.796208905035575,-6.70343556748265,2.03575482409071e-11,1.40719516460446e-08
"ADAMTS14",154.320791653432,4.21902460607953,0.481147967232494,6.69030075008938,2.2271240727778e-11,1.48026658083359e-08
"LIPE",22171.3469282574,-6.9148172044278,0.891700718490896,-6.63318654092593,3.28516200306563e-11,2.10262535462878e-08
"FGF2",3226.29195655846,-4.23013149147245,0.487600774720093,-6.62454134394413,3.48328018162974e-11,2.1498058863837e-08
"SCN4A",971.278875223052,-5.96249485817247,0.751653933016821,-6.6021005680834,4.0537235121897e-11,2.4155998625569e-08
"RBP4",11267.6160787519,-7.98829439888246,1.06485023530953,-6.56270165245453,5.28415077841337e-11,3.04384698672538e-08
"CST1",439.02464147324,10.038662927843,1.38589523764982,6.52189478850556,6.94247088246386e-11,3.87009159096316e-08
"SCN3A",181.974736774683,-3.40299044367311,0.368825359339816,-6.51525276888328,7.25673537417064e-11,3.91886387503259e-08
"C14orf180",1156.54750790892,-8.58399024031518,1.16737152647779,-6.49663801823031,8.2134764987357e-11,4.27583261543328e-08
"MLXIPL",1748.25722069841,-6.18685668951215,0.798925822792101,-6.49228819690047,8.45423307753974e-11,4.27583261543328e-08
"SLC2A4",2379.3375643484,-7.31355152013022,0.973012431976937,-6.48866480287671,8.66003943869942e-11,4.27583261543328e-08
"SDPR",4264.41453264075,-4.58746440317858,0.553648368027281,-6.47968026341552,9.19171914822533e-11,4.41228051668005e-08
"MYH1",166.707101834421,-7.16158722913276,0.95839883217231,-6.42904292273279,1.28409867392433e-10,5.99743491461793e-08
"ACSM5",940.007829577448,-6.26846586336543,0.826688853586892,-6.37297314522419,1.85398359123219e-10,8.43123432633776e-08
"PLIN4",91672.8683243735,-7.93708858854509,1.0918184536969,-6.35370153806808,2.10194483068855e-10,9.18050399432762e-08
"MAP1LC3C",296.866511724756,-5.65844862839845,0.733380133542366,-6.35202457134645,2.12499369118167e-10,9.18050399432762e-08
"ITIH5",13892.67492691,-4.92917827508268,0.6200726848262,-6.33664144741998,2.34827600380925e-10,9.89769698093356e-08
"TIMP4",6425.16880284052,-7.7260740882565,1.07469615083542,-6.25858209599796,3.88493371214074e-10,1.59846522570248e-07
"KIAA1199",890.68376793482,5.86991323964673,0.783473209009616,6.21580059617196,5.10636169889499e-10,2.05216363996754e-07
"G0S2",8479.85930157702,-6.47284681508998,0.881497095319912,-6.20858179130332,5.346489405448e-10,2.0998337139897e-07
"CPA1",89.1090541511921,-8.84048262151979,1.26741123717099,-6.18621832564832,6.16246451062909e-10,2.36652331573736e-07
"FAM107A",2431.42768510289,-4.36318180079871,0.546092780833543,-6.15862710300844,7.33782789483772e-10,2.75663051849328e-07
"HSD17B6",155.515902218699,3.65761332167139,0.432595685038629,6.14341153549435,8.07676633994535e-10,2.9696723217148e-07
"PTPRN",107.099154181195,6.62954989547922,0.920207327849205,6.11769731136258,9.49371752763628e-10,3.41793609573088e-07
"C12orf39",542.212457025271,-11.0451784248928,1.64357573844704,-6.11178310187529,9.85240324205472e-10,3.47468123318261e-07
"FMO2",8609.53849817211,-5.27178949401483,0.700654236258814,-6.09685815477875,1.08173424171516e-09,3.73868988621593e-07
"CD36",87850.5157676665,-6.28737852460382,0.867889884377819,-6.09222278053659,1.11353569612654e-09,3.77313928720838e-07
"SLC4A4",962.814312160039,-5.66047885638602,0.770630272721656,-6.0476197488667,1.47001400124641e-09,4.88525229914217e-07
"PLIN1",58744.3741693506,-7.99096483813158,1.1571451919644,-6.04156236112732,1.52628993299787e-09,4.97656911927097e-07
"CIDEA",4806.82629384398,-8.80162642844654,1.2927826777371,-6.03475476798824,1.59204272645276e-09,5.09483154737594e-07
"ITGA7",7425.24741101504,-5.07164915112153,0.676463140592796,-6.0190258815188,1.75469815151195e-09,5.51326159205054e-07
"ABCA10",599.033729609813,-4.72743567615929,0.621770548111871,-5.99487332984553,2.03644115089635e-09,6.28423920154284e-07
"ADH1A",1129.85774853476,-8.59998323771456,1.26915279139963,-5.98823348080358,2.12132397078691e-09,6.43133325248572e-07
"GPD1",33990.4928300953,-8.21069143233907,1.21060262889016,-5.95628264821263,2.58039899073823e-09,7.6882543032668e-07
"KCNIP2",9244.49758724763,-7.24059674405949,1.0540774042807,-5.92043498771144,3.21091207608982e-09,9.4047070486285e-07
"MYOM1",1122.55085079275,-5.10542203863476,0.695592602555486,-5.90204959562847,3.59013196374126e-09,1.02399134302528e-06
"CRHBP",297.38247177635,-6.39848124897591,0.914852563631783,-5.90093033957845,3.61457507809400e-09,1.02399134302528e-06
"CD300LG",3567.45785280873,-7.2000547070556,1.05556517166667,-5.87368252901532,4.26219252510391e-09,1.18798304881162e-06
"KLB",2421.84907538493,-6.89300254656726,1.00748648515213,-5.8492125040044,4.93905759505232e-09,1.35479133809681e-06
"GCOM1",2883.39715773003,-4.49396194651137,0.599068190335826,-5.832327609571,5.46594653941778e-09,1.47589097105748e-06
"ST6GALNAC1",132.224438195096,-4.09381081397096,0.538870949244013,-5.74128335979384,9.39617103203931e-09,2.49808048622571e-06
"TNNT1",705.759059135233,7.73090649294866,1.17301016400943,5.7381484828247,9.57171825178496e-09,2.50619489559236e-06
"ACVR1C",6948.77791672572,-7.2071980811636,1.08277323212598,-5.73268519852125,9.88530032161135e-09,2.53375568939462e-06
"APOB",786.311864964263,-6.93796679592045,1.03607113085277,-5.73123467983613,9.97022087140989e-09,2.53375568939462e-06
"GLYAT",941.518621325034,-8.6135862714678,1.33091634606037,-5.72055959339944,1.06173779547032e-08,2.63336617002769e-06
"LOC283392",1201.11081204521,-8.99908329896077,1.39849783464068,-5.71976809747154,1.06669539900433e-08,2.63336617002769e-06
"ALDH1L1",3170.19778416206,-6.67579532642951,1.00240223498901,-5.6621934073119,1.49450240598227e-08,3.63753465884219e-06
"PPARG",5247.58362984949,-5.12279708540384,0.732714703266931,-5.62674266944782,1.83644370886948e-08,4.40771996291298e-06
"FRMD1",205.549084312898,-7.16844505162959,1.10099144275739,-5.60262760642439,2.11126497963209e-08,4.99791371411263e-06
"TNXB",18001.1121141055,-5.37369296346517,0.782273316178827,-5.59100364669137,2.25760839052238e-08,5.27212575629963e-06
"LGALS12",3922.71996114919,-8.15193367434535,1.28803995072815,-5.55257130829073,2.81497824828351e-08,6.4860852144783e-06
"NPR1",4449.77702968057,-4.64969316698358,0.65868687892172,-5.54086210576743,3.00986164005842e-08,6.84387092129599e-06
"ANO3",369.064260395201,-6.57970786366352,1.00771687766582,-5.53697966892034,3.07732257868804e-08,6.90639110159844e-06
"EPB42",110.708339990474,-8.17236481875266,1.29676933752326,-5.53094880578481,3.18503278403725e-08,7.05648096678817e-06
"ABCD2",1515.18307558519,-6.45113849071102,0.988061674819836,-5.51700225768294,3.44831006213157e-08,7.54306913717666e-06
"KCNB1",392.491205061332,-5.16800193997027,0.756792168854451,-5.50745913013256,3.64049892480237e-08,7.86393273993872e-06
"AOC3",32124.0891195427,-5.25064802771696,0.772661371473006,-5.50130779750708,3.76984423742315e-08,8.04279978603821e-06
"TMEM132C",3057.50762254388,-6.90548583522039,1.07645470572358,-5.48605139056996,4.11017370567881e-08,8.66194046437018e-06
"AOX1",2219.04674833068,-4.20812537499006,0.585046165759552,-5.48354226170345,4.168926254494e-08,8.67990537396515e-06
"SORBS1",29972.6404104702,-4.72754996152879,0.681839912415329,-5.46689903840394,4.57976728661042e-08,9.42178077141841e-06
"ASPA",331.311076963058,-5.44378088703379,0.813481486054481,-5.46266997247455,4.69026084272402e-08,9.53557619095456e-06
"PPP1R1A",7368.84387548697,-5.98107782916645,0.912342860669048,-5.4596556227926,4.7705901772275e-08,9.58611265728702e-06
"NTRK2",12113.321874927,-3.92239657800296,0.536526785177286,-5.44687918430261,5.12612560144692e-08,1.01581587723217e-05
"SLC19A3",9691.6697862441,-7.01663093323846,1.1049289873785,-5.44526481064926,5.17283705783408e-08,1.01581587723217e-05
"LEPR",3703.20516550399,-3.74194192503027,0.504175629596863,-5.43846581244461,5.37413190765977e-08,1.0434873426547e-05
"C14orf139",2097.48116298533,-4.71133212712474,0.684415632939151,-5.42262909920221,5.87287700259628e-08,1.12348951788315e-05
"MYOCD",100.871950429961,-4.52839406018482,0.650837170044568,-5.42131614877374,5.91618228848834e-08,1.12348951788315e-05
"MAPK8IP2",1638.01868621219,4.45281150895076,0.639062214844195,5.40293484538523,6.55592780383576e-08,1.23144552584876e-05
"GPLD1",245.321454235089,-4.44410613087699,0.638181741450817,-5.39674814739653,6.78595365664499e-08,1.26094693699443e-05
"HSPB6",17235.1777135703,-5.43622284075075,0.823097166948114,-5.38967089049694,7.05868301397471e-08,1.29767128898401e-05
"GPAM",33944.3562521231,-5.66884537410544,0.86847121813401,-5.37593564025862,7.61860044099687e-08,1.38586351811439e-05
"CLEC3B",4653.37686450063,-5.16683528495628,0.782996363352786,-5.32165343286387,1.02828329695377e-07,1.85101704736022e-05
"PTCHD3",100.409826945295,-9.60029598743223,1.61986205621864,-5.30927677107799,1.10061092614592e-07,1.96078942419872e-05
"RDH5",2461.25333711952,-5.75159171354184,0.896116683337312,-5.30242523311361,1.14274273987165e-07,2.00006013815371e-05
"ADAMTS5",3809.19365464278,-3.10407906149933,0.396850983178376,-5.30193737873037,1.14580147952791e-07,2.00006013815371e-05
"MAOA",12054.2436044498,-5.28266433489656,0.810936115974622,-5.28113651683826,1.28384980317046e-07,2.21862084485887e-05
"PDE2A",2744.84041536621,-4.13845222578208,0.595180262264286,-5.27311207169782,1.34129597956332e-07,2.29494414087463e-05
"PYGM",597.551206118831,-6.05479861545787,0.960251290237781,-5.26403730653273,1.40925833708422e-07,2.38758758070121e-05
"MYBL2",2975.66540597878,5.85915418489728,0.927032283356511,5.24162348187456,1.59169904443229e-07,2.67050011522665e-05
"FABP4",101855.522947024,-7.31285643726622,1.20518529175031,-5.23807955546649,1.62256122305448e-07,2.69610389380813e-05
"HEPN1",428.686637811684,-6.90443996025395,1.12844828764161,-5.23235315691241,1.67365598773396e-07,2.75451896419339e-05
"ADRA1A",134.885667454895,-5.99259793861809,0.963551750403451,-5.18145282443587,2.20164276397543e-07,3.56979334417621e-05
"PFKFB1",723.157904650991,-6.31519949570002,1.02595808110783,-5.18071799771843,2.21033440094239e-07,3.56979334417621e-05
"GRM4",47.4358219195436,4.58515841459667,0.693018748805582,5.17324880571513,2.30058340213355e-07,3.68114646039536e-05
"DPP6",84.1924650618496,-5.07286109856332,0.788150405227094,-5.16761911375252,2.37094863864159e-07,3.7589324242537e-05
"TUSC5",10954.1613489752,-7.83488861202445,1.32444055052848,-5.16058543306998,2.46178786495241e-07,3.86746873584024e-05
"GPR146",1656.11078940925,-4.35746832587257,0.651322749565529,-5.15484577824465,2.53839754037866e-07,3.95189620678231e-05
"FHL5",342.806687742475,-3.6741473234929,0.51930308626099,-5.14949245294671,2.6119228298772e-07,4.0300570020632e-05
"PDE8B",696.816155096766,-4.32349289798509,0.64592459905487,-5.14532640937981,2.67056051673866e-07,4.0550569109463e-05
"CNTFR",1909.83744468076,-6.65284748666576,1.09870472027609,-5.14501064967232,2.67505635002533e-07,4.0550569109463e-05
"PCDH9",568.61622930695,-4.85808471142692,0.753893026125021,-5.11754927785619,3.09531206996348e-07,4.65131198965556e-05
"CHRDL1",15113.8879146661,-5.239662222166,0.833208030486981,-5.0883597697541,3.61173700936838e-07,5.38055407404267e-05
"NMUR1",285.209489760405,-5.04628916648051,0.796102896698249,-5.08262083112881,3.72262348140391e-07,5.49834669932829e-05
"APLP1",461.212816450921,4.01292489122335,0.593480686268521,5.07670251270848,3.84041443853743e-07,5.624254399353e-05
"INHBA",985.39360388551,4.40324418362487,0.671537474402304,5.06783956718707,4.02356300107659e-07,5.83970962188772e-05
"GLDN",1244.78662260015,-5.21987137384595,0.832941852502429,-5.06622564488515,4.05780882710832e-07,5.83970962188772e-05
"TMEM145",57.285103932839,5.08676199453465,0.806899630421634,5.06477118151506,4.08891189311043e-07,5.83970962188772e-05
"ENPP2",7896.81225152121,-3.62036708623063,0.517560232551056,-5.06292199714578,4.12878815989974e-07,5.84832690092027e-05
"NAALAD2",439.984872743271,-4.5601390913377,0.705671487491134,-5.04503746352999,4.53432515359853e-07,6.37054251864522e-05
"UBE2C",2664.10452900735,6.49501894107316,1.09218806727514,5.03120213973997,4.87413908450767e-07,6.79274173543363e-05
"KREMEN2",144.05743383769,6.25534010676484,1.04489474192557,5.02954019758976,4.91657423062133e-07,6.79706554234937e-05
"CDH20",63.8284445148718,-7.47228771475667,1.28759744622737,-5.02663913610602,4.99150365507284e-07,6.84588687804077e-05
"CKMT2",315.620655840062,-4.4897749414361,0.696610561882886,-5.00964977045926,5.45291771745107e-07,7.41983236813165e-05
"GYG2",16229.7439068974,-5.46889443504288,0.893277207455163,-5.00280808437306,5.65011829999298e-07,7.62810112048271e-05
"HRASLS5",3023.96626073891,-5.41335505829277,0.883143417878321,-4.9973254275002,5.81309225304624e-07,7.78729048254977e-05
"SEMA3G",7849.34909328262,-4.76158320146896,0.754265920610156,-4.98707829518012,6.12992281907841e-07,8.14855355665338e-05
"SLC14A2",88.6739283430557,-4.91214031393191,0.785119601750139,-4.98285905129768,6.2651588446655e-07,8.26474885455454e-05
"AKR1C1",6314.65575923953,-4.89503109992027,0.783147376553437,-4.97356080928467,6.57341412345569e-07,8.54399477390071e-05
"ADH1C",639.461889115021,-5.74549508354831,0.954157452318223,-4.97349265786129,6.57572654897746e-07,8.54399477390071e-05
"ABCA8",5454.48669209982,-5.23732281697059,0.852811546400687,-4.96865085241203,6.74203395844387e-07,8.69470812207975e-05
"ALG1L",90.0328762712346,4.19259910841108,0.643064371868248,4.96466488904658,6.8819795611035e-07,8.80944361447627e-05
"PAPPA2",218.154168545495,-5.841129591968,0.979397244076584,-4.94296836268149,7.69419738340834e-07,9.77672242519702e-05
"ABCA9",2827.57505228602,-4.94633268990117,0.798831421188546,-4.94013202939564,7.80696904717703e-07,9.84760818279316e-05
"TMC2",51.3569197472661,-4.96823173049963,0.804008209044537,-4.93556121176347,7.99206088647887e-07,0.000100080292883508
"COL22A1",870.714078846153,7.05722826944558,1.22911336617041,4.92812822328854,8.30211282434335e-07,0.000103214972458617
"PKHD1L1",107.443851788913,-4.5049962378751,0.715942245912395,-4.89564103513454,9.79857872628034e-07,0.000120949456406322
"FAM83D",820.935255884436,5.02834152568265,0.825985301308839,4.87701357312222,1.07704026969891e-06,0.000132002360997638
"EPYC",135.935250885001,7.12788601481735,1.25780330439032,4.87189530622808,1.10532739856862e-06,0.000134128478139602
"LOC55908",101.853483560511,-6.26863146965089,1.08161512675063,-4.87107783475518,1.10991102216093e-06,0.000134128478139602
"TNMD",402.84543168172,-5.70622999357025,0.966513002211272,-4.86928782417094,1.12001170849098e-06,0.000134372978253659
"AADAC",281.149950935192,-6.78436821381722,1.18824979081567,-4.86797326498711,1.12748578477985e-06,0.000134372978253659
"TPX2",3934.23278403185,4.90131001422403,0.8055914715042,4.84278961759552,1.28028825879745e-06,0.000151538776714237
"COL6A6",920.065194866456,-4.88268451607125,0.804551030753546,-4.82590210894978,1.39370956616681e-06,0.000163841462672984
"HIF3A",592.355616639542,-5.08519452654664,0.846776806753904,-4.82440531432022,1.40421605471123e-06,0.000163961200280168
"TMEM215",58.6881366479424,8.01439658321502,1.45901554069762,4.80762293995931,1.52735493125845e-06,0.00017714241991327
"TNNI3",51.9516908440539,7.89221445031679,1.43795335192543,4.79307234903556,1.64246358603502e-06,0.000189222754868474
"ADH1B",121455.243509556,-7.89878996368322,1.4401177967014,-4.79043449048749,1.66420551456248e-06,0.000190457850974532
"TRHDE",313.602676329245,-6.44656349097799,1.14368132175126,-4.76230868458879,1.91390616832885e-06,0.000217593503255861
"RPLP0P2",155.500127358575,3.71470696813848,0.570616415692496,4.75749889677453,1.96006327786688e-06,0.000221384663430181
"TFR2",115.28547188996,4.76783901726041,0.793205260365085,4.75014375916545,2.03272090321986e-06,0.000228100324211314
"MMP1",451.312627309509,6.85632779340119,1.23370064928395,4.74696012910447,2.06496637414287e-06,0.000230223767171374
"RGS4",1289.8451780186,4.37742106128812,0.711860160872407,4.74450074175942,2.09021213408855e-06,0.000231544589033232
"CDCA2",696.626225758848,5.41392886553717,0.931112499508578,4.74048932633463,2.13202684417166e-06,0.000234672330535863
"TGFBR3",9738.91777337112,-4.00623073427675,0.634539923811537,-4.73765419868148,2.1620633280124e-06,0.000235674293528916
"MAST1",112.96401173616,5.4503413507604,0.939473208575939,4.73706041868535,2.16840533945359e-06,0.000235674293528916
"PDE3B",6275.0012826578,-5.91199962716677,1.03961425831791,-4.72482902948481,2.30309038120754e-06,0.000248748155485297
"ZNF695",202.050972013713,5.29162814675288,0.909488487495268,4.71872729095453,2.37324709292647e-06,0.000254733434862499
"FGFBP2",523.88371882475,-5.37653625889384,0.929447078374595,-4.70875250535777,2.49237475715527e-06,0.000265386025723104
"TRDN",121.564169413205,-6.28522502891535,1.12263654583392,-4.70786831991949,2.50320711723083e-06,0.000265386025723104
"NUF2",1156.22081496461,5.8146654760135,1.02429849282649,4.70045158684918,2.59586795046105e-06,0.000273531671048276
"PRRT4",440.691300217335,-5.37933719216517,0.932609121775596,-4.69579064788402,2.65577440085124e-06,0.000278148105582487
"FZD4",19675.1644977309,-4.24922736000445,0.692327976401172,-4.69319090193991,2.68976272432896e-06,0.000278783789576465
"SLC7A10",1540.28836749443,-7.78813381702996,1.44648097850312,-4.69286075510968,2.69410872398991e-06,0.000278783789576465
"PNCK",99.3758555090555,4.57550573366334,0.762997981692628,4.68612738100757,2.78423014856087e-06,0.000286363974378262
"ANGPTL5",74.9640133689252,-6.33324685186801,1.13838253895101,-4.68493381564203,2.80050411839166e-06,0.000286363974378262
"ANLN",2318.91697967984,4.78031937720421,0.811117233105291,4.66063254843149,3.15239072095088e-06,0.000320449788522071
"XIRP1",48.0048506269497,3.95100315244526,0.635213275959551,4.64568872240191,3.38943753526022e-06,0.000341781118264363
"ZNF676",76.2961429563809,-3.56483597569484,0.552178769029476,-4.64493768965957,3.40179111981196e-06,0.000341781118264363
"SYNGR3",98.1091890166674,4.36989942106575,0.725847769171766,4.64270824295706,3.43871767822642e-06,0.000343494105187462
"TLX1",318.593961697891,7.46511793648998,1.39458167785521,4.63588331838187,3.55416422864313e-06,0.000352985701351621
"THRSP",5949.74539819535,-5.4420153105122,0.9619991637393,-4.61748354670709,3.88421467256138e-06,0.000383560650037333
"CILP2",611.48707060857,4.23159578872484,0.703431999676524,4.59404148547536,4.34742892233429e-06,0.000426863177311699
"E2F7",131.680970495004,3.93596466662575,0.63935770125043,4.59205333866115,4.38906150950422e-06,0.000428004763608875
"MELK",1346.27162641355,5.51874899974448,0.984235249674303,4.59112697014234,4.40859023912851e-06,0.000428004763608875
"PKMYT1",729.955896047097,5.72966304730727,1.03190299608291,4.58343765379207,4.57393304928616e-06,0.00044157618449561
"DPT",14240.1400023798,-4.69518470392801,0.806577957666698,-4.58131129025344,4.62069446132521e-06,0.000443612338812005
"CCDC141",69.6273217013209,-3.98191749375744,0.652944865994673,-4.56687486042929,4.95049344493254e-06,0.000472649045424747
"CHL1",2994.13452232077,-4.59250811519911,0.78791725856136,-4.55949920650118,5.12757506413639e-06,0.000486866069688687
"GFRA2",166.988573585547,-4.05520753569222,0.670849093496911,-4.55423964243054,5.25753947600118e-06,0.000496478358933204
"PRKAR2B",19180.0417264491,-4.34904865669892,0.737108434017134,-4.54349523372984,5.53290570076248e-06,0.000519642083776502
"FIGF",1224.12644016094,-5.6591970538727,1.02615064120447,-4.54046108513256,5.61313387810696e-06,0.000524327386743602
"ADIPOQ",136397.929705801,-7.66862385723091,1.47046139558057,-4.53505537600188,5.75883739063498e-06,0.000535045531976146
"ODZ1",179.249553982443,-4.1279274861324,0.690480908223433,-4.53007092430748,5.89638890384328e-06,0.000542924711667497
"GLP2R",27.2796121823226,-7.71526878943439,1.4824942884345,-4.52970972085542,5.90647796964813e-06,0.000542924711667497
"EBF1",3926.03822905075,-3.78646658334038,0.615973144686802,-4.52368192895356,6.077303359984e-06,0.000555671319385627
"GPBAR1",183.307036880499,-4.53083391804034,0.78161290700548,-4.51736900247424,6.26127389118594e-06,0.000565802463725053
"CCDC69",6527.49295539499,-4.15801116970562,0.699168866573952,-4.51680748483614,6.27789318447721e-06,0.000565802463725053
"PAMR1",1639.92918829283,-3.50533645889521,0.554773195562358,-4.51596522495219,6.30290079660804e-06,0.000565802463725053
"SLC22A12",31.8006418973712,-8.51839475767383,1.66504797802067,-4.51542229228214,6.31907155251058e-06,0.000565802463725053
"AKR1C3",4282.9920876188,-3.1397004466328,0.474477378588257,-4.50959422554387,6.49517411288589e-06,0.00057857270023083
"ZBTB16",797.466622797598,-5.79744194426207,1.06489332960265,-4.50509155320954,6.63443326959572e-06,0.000587946878625044
"CCL11",30.1256807248655,5.87857122868563,1.08416291693329,4.49985067049273,6.80012154208757e-06,0.000599555614126609
"PLK1",1125.3688947394,4.79163281656825,0.845628525579949,4.48380429689015,7.33239146773849e-06,0.000643203334791821
"TMEM37",3383.8459734587,-4.4033807342579,0.759310235399948,-4.4822005230382,7.38772756547645e-06,0.000644784444742417
"CNIH2",175.468420589211,5.02747934735234,0.901183360301118,4.46910087865649,7.85490809752447e-06,0.000682113903685027
"MASP1",227.441310587002,-4.1257420455075,0.702104754891642,-4.45195965948116,8.50901541432767e-06,0.000735221476874982
"C7orf58",4035.2311647403,-4.3146914134261,0.745744531365051,-4.44480820711981,8.79703108661597e-06,0.000756325841829904
"SAA2",3254.7811333726,-5.85794245153973,1.09464544582832,-4.43791409360289,9.08348560908607e-06,0.000777087697082259
"NOVA1",1038.04266173789,-4.24601848472714,0.73189702590739,-4.43507538605283,9.20400751768186e-06,0.000783519477404238
"FAM13A",7126.78542640036,-4.0801669280789,0.697535546189311,-4.41578489426967,1.00644129363986e-05,0.000852564313499527
"MAPK10",1159.25254714366,-3.67632129091487,0.607552379444821,-4.40508733314563,1.05741268492918e-05,0.000891100916434644
"ANGPT4",45.7069437086586,-5.36606243291089,0.991363465281104,-4.4040985832304,1.06224633288315e-05,0.000891100916434644
"C7orf41",12247.8467911678,-3.9177317909903,0.663955342740291,-4.39446993369791,1.11043370500763e-05,0.000924626156367691
"FOXM1",2525.68884162458,5.13177568052532,0.94052187460377,4.39306707487903,1.11762626348517e-05,0.000924626156367691
"ADHFE1",953.145354698801,-4.06825785483951,0.69845147505656,-4.392943481995,1.11826206053381e-05,0.000924626156367691
"ACACB",20934.4242554714,-5.18996150712534,0.955604407222773,-4.38461927912454,1.16188805222213e-05,0.000953051483207824
"UTS2",18.4941070352502,6.95188724677724,1.35755007776386,4.38428559230841,1.16367029082143e-05,0.000953051483207824
"MFAP2",1799.43174183865,2.84753341067351,0.421575093014905,4.38245390034983,1.17350002212313e-05,0.000956568579354236
"LRRC15",3868.02454216602,3.76801941401423,0.634277648857702,4.36405006387862,1.27676337887332e-05,0.00103585671128215
"TTK",1214.56366629849,5.41052335835842,1.01277763101329,4.35487832995056,1.33140847795906e-05,0.00107514345362666
"MMRN1",1697.20461527082,-4.29225750763819,0.756325884429979,-4.3529615677764,1.3431070267074e-05,0.00107954569900142
"GPX3",36022.7267424404,-4.73009852295486,0.857371551572202,-4.35062082024392,1.35752629295283e-05,0.00108608388280175
"BUB1",1267.38529933137,5.13328884073145,0.951452002141668,4.34419059650685,1.39790110342561e-05,0.00111323174969115
"ANGPT1",1271.08965962945,-3.73879005255591,0.630743600679226,-4.34216066497798,1.41088294997681e-05,0.00111841597516281
"MME",12493.0915325449,-3.5948005885049,0.599976111895706,-4.32483983454987,1.52642724792214e-05,0.0012044835283718
"PDE11A",596.545305380466,-4.1197258260383,0.722750836793623,-4.3164610363905,1.58550652299988e-05,0.00124541537381641
"GRIN2D",162.810985013019,3.08688339139888,0.483639872892032,4.31495314668722,1.596367573685e-05,0.00124827276202943
"MAMDC2",1594.10485145119,-3.60022558159691,0.603470885481304,-4.3087838107104,1.64154729456257e-05,0.00127781886474486
"GYS2",310.01214712176,-9.38279902730894,1.94867242937903,-4.30179998491599,1.69416209516626e-05,0.00131286166666225
"LRRN4CL",1212.75431941961,-4.27280173891734,0.764425421942216,-4.28138788294346,1.85731293690542e-05,0.00143286718136886
"GPR37L1",57.4341906221157,5.40068536733826,1.0302408609566,4.27151119132677,1.94152781929777e-05,0.00149117965534599
"BMP3",206.472552960009,-5.63390271764195,1.0860348518194,-4.26680848213934,1.98289243801608e-05,0.00151621080625468
"CMA1",155.286680594356,-5.47091239646171,1.04869505518617,-4.26331026770029,2.0142053275835e-05,0.00153336926281809
"LHCGR",28.1338777116633,-7.18922164046181,1.45369003140485,-4.25759378323625,2.06638983964414e-05,0.00156619661486361
"AURKB",551.316550654997,5.3558312585814,1.02444169796919,4.25190742158995,2.11957484084852e-05,0.00159949226308748
"TGFBR2",20446.1463939233,-2.85715956572687,0.437140200988659,-4.248430049505,2.1527384256284e-05,0.0016166204478873
"SGOL1",178.67133804951,4.71662409752993,0.87504037941851,4.24737438973929,2.16290356554824e-05,0.0016166204478873
"LMO3",1186.61215922976,-4.68682581495326,0.868181869143411,-4.24660540145909,2.17033704015887e-05,0.0016166204478873
"C14orf49",706.492536639706,-4.18616787667668,0.751556454750791,-4.23942586952192,2.24092178059006e-05,0.00165945067169591
"UCA1",127.912227127516,6.27831022356381,1.24523295943441,4.23881345540455,2.24704274739218e-05,0.00165945067169591
"IGFBP6",2146.52413050321,-3.51384256541938,0.596415212878697,-4.21492026215412,2.49866454659429e-05,0.00183742221402962
"IGSF10",1983.53310364598,-3.42293957940345,0.575220695955249,-4.21219124492688,2.52905276016066e-05,0.00185188816730239
"PEBP4",27.3445319589245,-4.13519445388082,0.744685917663035,-4.21008962237349,2.55269405600533e-05,0.00186131248868473
"CDCA3",687.291253864388,4.92713646186938,0.934692460229121,4.20152791315629,2.65119550253882e-05,0.00192501300333501
"PCOLCE2",5675.24529667539,-5.16792797508802,0.9925242695291,-4.19932096679659,2.67716608813547e-05,0.00193573670163469
"FXYD1",811.69117623317,-4.54868086559193,0.845553099561943,-4.19687523755799,2.70622914236344e-05,0.00194859774204928
"GSN",85825.3059216387,-3.20479275533258,0.525631885635103,-4.19455671466468,2.73405739688355e-05,0.00195487500029724
"SKA3",650.741679826701,5.12379202314366,0.983197653998518,4.19426552369487,2.73757161085546e-05,0.00195487500029724
"COMP",4512.9720154486,4.72937324981493,0.889586358122555,4.19225544070354,2.76194754107044e-05,0.00196416524515384
"ADRB2",745.534635806452,-4.34414011933998,0.799041967673618,-4.18518707981801,2.84931337318434e-05,0.00201799116401634
"CCNB2",912.058721943732,4.57843737938931,0.855821174187348,4.18129100718646,2.89858602161174e-05,0.00204450877712133
"ABCA5",1530.97386500956,-1.88520955597333,0.211755888883387,-4.18033028805547,2.91085989305834e-05,0.00204481991105452
"ZNF469",1058.496829767,2.27858054745313,0.306359391135757,4.17346614612688,3.00000255956509e-05,0.00209890867335402
"CSN1S1",28.5058179973372,-5.39637401415692,1.05457848580638,-4.1688447785802,3.06147386123864e-05,0.00213327942726068
"DMGDH",436.404170002009,-4.29396363816784,0.790422634493106,-4.16734477787347,3.0816821769064e-05,0.00213873693570761
"NOTUM",14.5063334060697,5.14805665695579,0.995778491599391,4.16564194943928,3.10477664858222e-05,0.00214614581056597
"GNAL",512.314764611759,-3.05615154785632,0.493744876317076,-4.16440077959591,3.12171343614641e-05,0.00214899506231796
"EBF3",1234.81715847265,-3.88064940352716,0.691878171727362,-4.1635211533488,3.13376978012919e-05,0.00214899506231796
"STAB2",63.0361713810547,-4.19510727258634,0.768274408239882,-4.15880997507953,3.19909889592417e-05,0.00218512363717255
"PDK4",15412.7140345233,-3.2928204434767,0.551620961057492,-4.15651435558435,3.23139876211463e-05,0.0021984961420513
"NCAPH",794.231895959002,4.4872919453644,0.842340178401857,4.14000428185762,3.47299338836879e-05,0.00235359995076082
"NEK2",862.888424696461,5.12193795926952,0.996223126697248,4.13756501812487,3.51011002020025e-05,0.00236946137730783
"SCARA5",3133.71284520062,-6.23680419480845,1.26628749784794,-4.13555705454601,3.54094621879476e-05,0.00238097632712032
"TROAP",465.135483397121,5.00496555642507,0.970173735596412,4.12809109284228,3.65787214238275e-05,0.00245006544544637
"C11orf53",44.4453318865253,-3.85765930514489,0.693674215747263,-4.11959856698214,3.79533044088788e-05,0.00253232066984492
"KIF20A",1026.1792801109,4.76171433669601,0.913575801389707,4.11757221565391,3.82884570000449e-05,0.0025448570208376
"HHATL",31.7821878495331,-7.93771180423525,1.68704737588739,-4.11233964344718,3.91669511124015e-05,0.00259327234549199
"FAM180B",119.353098532625,-5.20064954911303,1.02355413431271,-4.10398376431126,4.06095975080013e-05,0.0026785284524266
"POSTN",49795.8448316785,3.08582421021959,0.508680281765623,4.10046208785549,4.12325984676223e-05,0.00270927959741057
"LIFR",8407.54543581591,-2.81793159118019,0.444500425959121,-4.08983093156221,4.31687740638182e-05,0.00282575600226076
"HJURP",545.340787428203,4.73444248644176,0.913413823574136,4.08844533557539,4.34273851893801e-05,0.00283195714512331
"TRIP13",1341.66058942058,4.23458240450605,0.794172458632584,4.07289672330793,4.64320167499253e-05,0.00301651008065962
"PROKR1",17.477229916386,-6.4730221975278,1.34598909592916,-4.06617127440373,4.77918178570209e-05,0.00309322248834149
"TDO2",82.9923174078766,4.96014553257441,0.975732772832969,4.05863740855646,4.93598859949037e-05,0.00318279175327586
"SLC16A12",74.2169308695727,-3.77390757066862,0.683829015754971,-4.05643444012994,4.98275402161019e-05,0.00320100268577865
"LOC145820",76.569724947926,-3.91289629633403,0.720353009180023,-4.04370670936708,5.26127277225019e-05,0.00336740943619465
"SLC16A7",1205.67226949194,-4.95046484403046,0.977212032112355,-4.04258719112482,5.28646447627792e-05,0.0033710476979542
"TNS1",58547.3762257253,-3.74929467762203,0.681787431964978,-4.03248072452479,5.51911431360307e-05,0.00350646376666819
"TSHR",90.2317795434518,-5.05677135087308,1.006847174383,-4.02918283339185,5.59710752741656e-05,0.00354298956708006
"C18orf34",117.799310698478,-3.63454295459708,0.655045999679626,-4.02192053059723,5.77255353061534e-05,0.00364071158987459
"GHR",10543.9583382114,-4.28294385259624,0.81656135253775,-4.02044970949622,5.80871490024869e-05,0.00365019644331628
"CAV1",34051.5414263478,-3.41415002102935,0.602540320448176,-4.00661987107134,6.15938721777871e-05,0.00385653516342152
"CHIT1",570.601275579274,-5.84461999675082,1.20990088198986,-4.00414618161375,6.22418699060642e-05,0.00388303882255125
"PTTG1",875.621673993093,4.48780270302097,0.871600866201866,4.00160536579042,6.29141675979105e-05,0.00391086233906292
"CEBPA",6629.32748730235,-4.02784382088444,0.757081129909965,-3.99936506308713,6.35126471502924e-05,0.003933914177076
"SOX11",779.007962233468,5.49616897167916,1.12508060524931,3.99630830955692,6.43379326346255e-05,0.00397079933521058
"LILRB5",832.311764901917,-4.62844992226985,0.91044723450443,-3.98534894144071,6.73810325123954e-05,0.00414381360443667
"KIF23",1371.73213645486,4.21411103842184,0.806664538265289,3.98444568461346,6.76378249346439e-05,0.0041448555060127
"CDC20",1514.11708425023,5.07437319344154,1.02291043302283,3.98311823001086,6.80168962032926e-05,0.00415335683141024
"KLHL31",1289.07102542231,-4.34174688984327,0.8392835633278,-3.98166607313633,6.84338797803068e-05,0.0041641051988855
"PAQR4",2549.84740572086,3.34006757145707,0.588482834109069,3.97644151337023,6.99541936251208e-05,0.00424167866679198
"CEP55",1015.91166485952,4.72019812508103,0.936022119455807,3.97447672202866,7.05341599495503e-05,0.00426189097233629
"CCDC78",92.6208975390637,3.82546212046117,0.711576100134964,3.9707096962999,7.16588528512764e-05,0.00431476179833766
"CD209",1154.27644529158,-4.16794789559371,0.801179624905619,-3.95410441942642,7.68218564165114e-05,0.00458053540431392
"BHMT2",1123.19938010038,-3.94558984382598,0.745063576362686,-3.95347449167494,7.70244787401381e-05,0.00458053540431392
"SRPX",4086.36802378026,-3.06365512363872,0.521998088209654,-3.95337678480134,7.70559523277126e-05,0.00458053540431392
"SHCBP1",457.185524853632,3.68432148509752,0.679035668065857,3.95313767941447,7.71330248628755e-05,0.00458053540431392
"SKA1",337.033093293386,4.59642387202192,0.911841388181459,3.94413317780463,8.00891430343557e-05,0.0047397961670435
"MOSC1",5757.53204345899,-4.00900023176713,0.764473232307831,-3.93604393797204,8.28358133041994e-05,0.00487248327602268
"PLAC9",1049.03146449894,-4.07821627081898,0.782092542875656,-3.9358721661004,8.28950919015489e-05,0.00487248327602268
"DLGAP2",34.8904417074478,-4.43290287977489,0.874947656475537,-3.92355228837724,8.72528171960272e-05,0.0051112404541171
"LOC572558",16.9787530158465,-5.65024130316943,1.18567910954505,-3.92200660847753,8.78145830961023e-05,0.00512676963001265
"RAD54L",320.168622498639,4.36018180774917,0.85774263578657,3.91747089109988,8.94828470948571e-05,0.00520657602911187
"A2ML1",586.618175760574,6.62449612676145,1.43771117110921,3.91211826115399,9.14900873274385e-05,0.00530550402384384
"SIK2",8542.07175752407,-3.49350128905073,0.63782207271226,-3.90939949514043,9.25258405704968e-05,0.00534762224380854
"TMEM100",742.03677849314,-3.81582569354856,0.720847058651198,-3.90627340398301,9.37304558811456e-05,0.00539918669360692
"CTSG",273.827889909128,-3.91296969456755,0.745887327554404,-3.9053749634258,9.40793936784197e-05,0.00540128239919193
"KIF14",507.337154833664,4.95955297246309,1.01428444747303,3.90378949645521,9.46981543030236e-05,0.00541880398844553
"DLGAP5",1043.59502883726,5.43354837614658,1.13608669191201,3.90247364722229,9.52146073924096e-05,0.00543037501765092
"KIF4A",1003.2197079822,5.09100470216742,1.04958133212598,3.89774910904797,9.70909277034387e-05,0.00551917211066817
"CYP26B1",1099.75100903298,-3.47181080642181,0.635227975604533,-3.89121843078375,9.97420895901676e-05,0.00565128868920553
"ANK2",3490.9282083904,-3.12994660454621,0.54821189847118,-3.88526153935381,0.00010221978407039,0.0057727453873216
"MRGPRX2",14.54621967005,-6.2072306548962,1.34142734783526,-3.88185812917815,0.000103661350255973,0.00583508727613505
"TACC1",14514.2874686537,-2.8250283440898,0.470518147677212,-3.87876291934613,0.000104989013391826,0.00585695893860128
"C10orf128",138.466634458515,-3.30353679195712,0.593901379646324,-3.87865203028979,0.000105036874742576,0.00585695893860128
"GRIA1",189.330425421561,-5.09138702722163,1.05486643561135,-3.87858300264379,0.000105066678488884,0.00585695893860128
"RBP7",2055.21324027919,-3.53279596910742,0.653332160780479,-3.87673548181328,0.000105867345585461,0.00588261607415547
"SVEP1",13960.6182665773,-4.16642646495621,0.81760888183143,-3.87278873226458,0.000107597091746034,0.00595956840533081
"TOP2A",5313.52181381856,4.40362223453896,0.879389203739658,3.8704389592968,0.000108639557655439,0.00599808369279117
"SAA1",7310.71303470797,-4.6385859211474,0.944224714236806,-3.85351692905897,0.000116433208904974,0.00640519895193821
"KCNG1",366.480093528173,4.75710766334206,0.975187855114649,3.85270144991741,0.000116821795072709,0.00640519895193821
"TPO",119.590423260023,-4.38425991498542,0.878659427756831,-3.85161737082279,0.000117340266379581,0.00640519895193821
"KIF1A",486.85875495772,5.55411782845015,1.18249071811636,3.8512926644402,0.000117495982163325,0.00640519895193821
"CDO1",3072.63197290145,-4.62466646949151,0.941554488233939,-3.849661931186,0.000118280965734947,0.00642771499643275
"MCM10",897.726490733842,4.78344973805056,0.983573473917653,3.84663661473176,0.00011975037208788,0.00648716670862275
"FAM54A",287.528234476117,4.7211436978796,0.967573397819541,3.84585159768274,0.000120134460533919,0.00648763628902082
"IQGAP3",1549.52771468026,4.86831275261505,1.00650996010127,3.84329306808435,0.000121394360330819,0.00653525215226443
"E2F8",169.946625617653,4.60463256971094,0.938227375399671,3.84196055692302,0.0001220554536885,0.00655043569935082
"SEC14L4",39.6429999130534,5.68216100170243,1.21995345501246,3.83798331195726,0.000124048910289285,0.00663680872665369
"BMP8A",517.322272899784,3.36837604464296,0.617501731579422,3.83541603775786,0.000125351924507411,0.00667420828592206
"CDCA8",972.715152891951,4.15089354312789,0.821596585895923,3.83508597433124,0.000125520380355574,0.00667420828592206
"ONECUT2",203.686456198779,4.85136609915774,1.00494626027663,3.83241000180208,0.000126894027115415,0.00672655117356284
"WISP1",528.510705495486,3.64148679375074,0.68954333100589,3.83077708821778,0.000127739192282639,0.00675064520439232
"HSD11B1",927.939277180657,-4.51391016606838,0.917641000867954,-3.82928635789458,0.00012851539608754,0.00677095902374625
"PGA3",35.9926378433946,-5.15983346595541,1.08739730068544,-3.82549548663885,0.000130509325634779,0.00685511141730888
"WBSCR28",13.1415538670173,7.04203817829893,1.58388142702267,3.81470359789278,0.00013634648601398,0.00714001098426542
"GPR120",86.4188679537194,-4.73879550760217,0.980798437658119,-3.81199170395234,0.000137851504504714,0.00719701465059202
"ABCC6P1",35.6026715884565,-3.42528017289132,0.636388093980794,-3.81100808740855,0.000138401238696702,0.00720395122264371
"TMEM195",80.6720451873281,-4.54635417289346,0.931529648401441,-3.80702233039948,0.000140650049840478,0.00727785751288825
"UBE2T",989.38862221512,4.29639590987747,0.865877836619563,3.80699882878027,0.000140663411220686,0.00727785751288825
"CCL20",38.1669385614871,5.78630118239151,1.25813740016313,3.80427541679542,0.000142219875308612,0.00733642288121828
"CDK1",1562.02927498266,3.54174885306293,0.668697343965957,3.80104523518539,0.000144086991995798,0.00740644032964454
"GPC3",5356.14795883989,-3.7446725695052,0.722196996666483,-3.80044860636927,0.000144434372495238,0.00740644032964454
"GLDC",154.519835661862,4.32615386681539,0.876026384408941,3.79686494152749,0.000146537573443343,0.00749205859962841
"SHISA3",75.1661030885326,-3.94857772755018,0.776896659906588,-3.79532810438999,0.000147448327251202,0.0075163850832685
"ASPM",1365.88167007655,4.86922780943971,1.0203442167781,3.79208089369821,0.000149390231913814,0.00759297822853714
"CPM",8707.12631331505,-4.0790484270391,0.812883863465256,-3.78780852397952,0.000151981901470578,0.0077005420401024
"HAPLN1",411.046589800237,6.07013306425333,1.33877998968264,3.78712940388002,0.000152397741896593,0.0077005420401024
"NUSAP1",1365.7349455914,3.9300737688572,0.773998682531107,3.78563146809935,0.000153318751131545,0.00772449369767996
"LRRC2",155.43297310009,-3.92084578145867,0.771884779711534,-3.78404375656978,0.000154300677592867,0.00775136630663468
"GINS1",776.775942223488,3.43882064002746,0.644792668271494,3.78233308167917,0.000155365274469386,0.00778222408146512
"NDC80",575.402889054287,4.39698633818944,0.898788025225909,3.77951891085288,0.000157131659816383,0.00782705937082899
"LCTL",96.6476002502927,6.41325495618261,1.43228107603352,3.77946413365578,0.000157166228903285,0.00782705937082899
"MEOX2",1216.16728419915,-3.49075664452439,0.659225362621979,-3.77830827779099,0.000157897343741408,0.00784087355515883
"SCT",11.7115147710068,6.8758720083732,1.55551818528274,3.77743703928807,0.000158450543520214,0.00784579897585337
"MUSTN1",170.601604831968,-3.44198568247359,0.646776358211967,-3.77562607455927,0.000159606271164907,0.00788044563428788
"CABLES2",1033.36702127502,2.46327638922571,0.387848058158469,3.77280834194054,0.000161420286972762,0.00794730478397806
"SNTG2",46.0011481165136,-4.76684353657682,0.999118400388135,-3.77016731461805,0.000163138140442862,0.00800906308236674
"KIF18B",348.598178780117,4.89622537493075,1.0339130004449,3.76842671796773,0.000164279697936011,0.00804225909357565
"BUB1B",818.379924736921,4.30918730175662,0.879048975447556,3.76450845650755,0.00016687702111744,0.0081463327738149
"EXO1",696.540255002303,5.05652467319447,1.07857658735418,3.76099826452326,0.000169236604305107,0.00823824720844098
"SYCP1",15.4991020434378,-6.90411699343291,1.5716997359493,-3.75651713771324,0.000172294477737355,0.00836354176904281
"NIPSNAP3B",637.793761698745,-4.05217091895848,0.812961376830757,-3.75438613191815,0.000173766816288027,0.00841138474026162
"S1PR1",3850.45374803057,-2.69636799214354,0.452155902041036,-3.75173249864952,0.000175616788094852,0.00847718914823225
"LOC388152",740.823378315342,2.6144878481016,0.430946596703341,3.74637567729302,0.000179407853265703,0.0086074702216929
"SLC25A18",173.164328485935,-3.38207291578529,0.635907474097313,-3.74594262973039,0.000179717662703865,0.0086074702216929
"BEX1",571.373082607246,4.71882839871815,0.99279588098259,3.74581368633152,0.000179810008103185,0.0086074702216929
"LOC90586",36.3301517837917,-4.65905746235151,0.977620533386776,-3.74281977248924,0.000181966745062974,0.00868665005920789
"PCSK1N",210.929786907261,5.27084403522231,1.14137383922826,3.74184503660084,0.00018267415128951,0.00869639671744912
"KLRF1",38.641566550608,-3.37534422399405,0.635024070663328,-3.74055777368067,0.000183612333629727,0.00871704598202011
"ANGPTL7",108.865801747421,-4.85451798801874,1.03071898585843,-3.73964003855864,0.000184283960732054,0.00872496198742635
"TRIM59",533.466834412887,2.80511138638347,0.483037499441459,3.73700051956781,0.000186228539026945,0.00879293820471213
"EME1",173.069835938765,3.51026971183515,0.671993424016436,3.73555695951833,0.000187300176643238,0.00880345618877217
"EBF2",304.128913202178,-3.47615171189459,0.662900621596383,-3.73532869215234,0.000187470162459821,0.00880345618877217
"C6",1609.18560299474,-6.06275967621808,1.35570966317813,-3.73439816335726,0.000188164608874796,0.00881212088337495
"TACR1",738.211094872579,-4.06399596125721,0.821203260221009,-3.731105451813,0.000190641398321094,0.00890398379564008
"CASQ2",402.70859374858,-4.37033978770661,0.903841177791065,-3.72890710284247,0.000192312026520103,0.00895780089028007
"EPAS1",27288.2616505068,-2.6828797596654,0.451776566045917,-3.72502667500986,0.000195294569638035,0.00907227273633031
"CES4",106.554601283627,-4.30596665536515,0.889477572337583,-3.71675099876541,0.000201801152105377,0.00934939868507512
"KIF18A",357.764069314148,3.80265030903919,0.754518533584832,3.71448835818966,0.000203615242873594,0.00940822195748283
"CA3",925.817048303315,-4.7660179690655,1.01459115380126,-3.7118576827284,0.000205743665844688,0.00948121677189881
"PRELP",8721.0027205814,-3.43120357754983,0.656166544908785,-3.7051623500369,0.000211255377091702,0.00970894914228641
"CENPW",2017.14909178613,4.92550571499436,1.0596590712795,3.70449875944955,0.000211809144531102,0.00970894914228641
"PLCXD3",286.734959822545,-4.0776882255935,0.830964634396021,-3.70375356326746,0.000212432636837972,0.00971176824655289
"GPIHBP1",1022.84742097776,-3.86968195986524,0.775130424432117,-3.70219239164512,0.000213744433061097,0.00974118668947627
"CDH2",244.946231089258,3.18537966473186,0.59038016827212,3.7016481619426,0.000214203514958682,0.00974118668947627
"PTH1R",457.004741015093,-3.81682022680805,0.761798085342012,-3.69759425890842,0.000217652411003463,0.00987205069435917
"ORC6L",398.060958596958,4.25423712638124,0.882957772233395,3.68560901632908,0.000228156391585964,0.0103213890130813
"ENTHD1",28.7752994869762,5.41581266481958,1.19879693828936,3.68353682244199,0.000230020038495553,0.0103785281598999
"C2orf84",59.3234839523791,-4.2271625152,0.877105951292586,-3.67933031402209,0.000233847223596331,0.0105237340389797
"PLSCR4",3659.0397156792,-2.89061594144829,0.51478344253255,-3.672643261693,0.000240054492296701,0.0107637380538287
"P4HA3",352.83038154661,3.34834789740759,0.639485082195216,3.67224813023974,0.000240426068443832,0.0107637380538287
"SLC8A2",60.3963502160482,4.2358502413922,0.883057783097762,3.66436976529538,0.000247948363317289,0.0110398448482688
"FCN2",72.7101224469256,-5.19481699684164,1.14478617110684,-3.6642799351654,0.000248035392723909,0.0110398448482688
"ALDH1A2",528.609996207033,-3.11422480783418,0.577059389146279,-3.66379067319576,0.00024850990370792,0.0110398448482688
"AURKA",1147.19763173535,3.78347731624005,0.76018379273984,3.66158466258258,0.000250659998003104,0.0111068087833119
"AGTR1",1403.88687727782,-4.00812405734204,0.821790607127099,-3.66045076599032,0.000251771930234843,0.0111073340849355
"POLQ",339.959232755811,4.03937805428484,0.830371688512334,3.6602621408373,0.000251957349765332,0.0111073340849355
"NNAT",377.98476082487,-4.14325103994723,0.859177152418945,-3.65844346663276,0.000253751698150619,0.0111121964352001
"SOX17",611.930270129257,-2.98921002467943,0.543753007851171,-3.658297050237,0.000253896676157131,0.0111121964352001
"PC",5775.14635900802,-3.44358937764075,0.667976606105885,-3.65819604355036,0.000253996735831494,0.0111121964352001
"PRCD",63.2785858831323,-3.55029072924601,0.698693702148621,-3.65008403740203,0.000262154525697607,0.0114401322186372
"DEPDC1",525.732594668935,4.48222005248196,0.95419355286692,3.64938543340548,0.000262868442484536,0.0114423918251266
"CA9",324.531315982061,6.08748850512588,1.39526695816579,3.6462473904018,0.000266097809174145,0.0115538599003477
"PID1",1249.94253993219,-3.16589033727173,0.594288534291615,-3.64450971589658,0.000267902015529233,0.0115887445222397
"CENPE",790.273590786286,3.50808713945171,0.688244002894302,3.64418306429746,0.000268242451761813,0.0115887445222397
"CCNE2",608.937438741978,3.70809347209194,0.743462085412091,3.64254415286138,0.000269956654969682,0.0116279807755895
"PRAME",1126.82552701136,8.70248061774413,2.11488656961356,3.64203013457669,0.000270496399038653,0.0116279807755895
"SMYD1",481.185389203578,-5.11482503847274,1.13197533611342,-3.63508365173466,0.00027789045084411,0.0119115274309503
"TWIST2",254.02816697368,-3.12193112885497,0.583822945755975,-3.63454561743432,0.000278470984439784,0.0119115274309503
"MMP28",798.23773767236,-3.3596018063409,0.649548769863894,-3.6326784312675,0.000280494487304975,0.0119588508912045
"SLC24A2",32.5804121276019,5.64416491178028,1.27859196654737,3.63224940660396,0.000280961371554251,0.0119588508912045
"MYT1",35.5471652392506,4.8321487375484,1.05553778458681,3.63051782087412,0.000282853173091435,0.0120097928358552
"ROBO2",62.6553996557672,-3.22915470105114,0.614341608704795,-3.62852632715343,0.000285043685878407,0.0120731370972175
"ANGPTL1",943.040794603902,-3.66743840501291,0.736712659087692,-3.62073105722947,0.00029377176409463,0.0123832090066086
"TLX1NB",21.4721246918879,7.16932546405507,1.7039001452842,3.62070833853123,0.000293797563376514,0.0123832090066086
"GIPC2",315.161021887272,-3.50177883883822,0.691740983345154,-3.61664105362096,0.000298450714558785,0.0125487270031396
"C1QTNF1",4758.21078461517,-3.14882618494655,0.594539888409829,-3.61426748118424,0.000301197985840031,0.0126335009546155
"GALNTL2",3307.47007410483,-3.62608708047644,0.726964930910498,-3.61239857497301,0.000303377781723479,0.0126941197238824
"ERCC6L",296.158181651864,3.70945718795623,0.750551820038663,3.60995352435047,0.000306251872929387,0.0127834266089196
"DLL3",41.5135425517957,6.3897628789464,1.49615078708405,3.60241957259594,0.000315268959736279,0.0131281033571148
"LGI4",478.301997515704,-3.42855058412682,0.675257135881816,-3.59648266575574,0.000322549066804191,0.0133989673640462
"RAD51",388.19763418538,3.74405196202418,0.763316581806976,3.5949067889083,0.000324507738858875,0.0134480053602403
"MYH11",12632.4523927266,-3.26599414422097,0.63065877467111,-3.59305893333948,0.000326818634178064,0.0134955042202643
"PTPRB",4969.20202051939,-2.57055325319835,0.437146057234714,-3.59274257929561,0.000327215801648673,0.0134955042202643
"CDC6",1137.50805203499,3.74269942652581,0.765109977638986,3.58471266443206,0.000337449507772057,0.0138844403424022
"IRAK3",1554.65473503185,-3.13317169849302,0.596447031939318,-3.57646460500795,0.00034827244715534,0.014295715342735
"ESM1",1119.48550228721,4.43428426306264,0.960500335993144,3.57551594139906,0.000349537874819007,0.0143136588027186
"CLDN5",1651.40932319216,-3.44688169689254,0.685833872834701,-3.56774693378594,0.000360064000905806,0.0147098486989438
"TNNT3",303.582165900966,-5.24139224225739,1.18966976665525,-3.56518452526708,0.000363600282848556,0.0148192841695894
"ULBP1",143.966093481223,4.4181328262896,0.959186121899276,3.56357619053265,0.000365836444476909,0.0148753402282481
"LYPD1",369.747099006147,4.10261015777838,0.872685642851568,3.5552437274439,0.000377628866902635,0.0153187897862545
"GPER",459.374641121326,-3.21383151428095,0.623090843253587,-3.55298354686295,0.000380888286827618,0.0154148254910259
"CDKN3",447.492105454576,4.16829146429436,0.892434869998303,3.55016547515718,0.000384989077796782,0.015530780546709
"KIF2C",1085.76845494352,4.75850163230042,1.05879799656534,3.5497815867547,0.000385550885628041,0.015530780546709
"FN1",252120.294593047,3.2476975277304,0.633837145985878,3.54617513657124,0.000390866342349875,0.0157082820049958
"CENPA",300.059627371574,4.40375065670808,0.960022041212375,3.54549219766831,0.000391880588955494,0.0157125022221343
"PLXNA4",4812.49480674641,-4.16378385786197,0.893597388037701,-3.54050258003718,0.000399365730601372,0.0159755536817646
"ROBO3",296.851931823716,-2.05736444608243,0.299084790501488,-3.53533338926898,0.000407260978663168,0.0162537574417511
"NEIL3",134.205393208655,4.41254200227057,0.965755246111384,3.53354746558321,0.000410022458305914,0.0163217714725843
"KIAA0101",565.935405815772,4.29970826443091,0.933964691361825,3.53301178829316,0.000410854151413353,0.0163217714725843
"E2F2",387.22756603568,3.91397578895708,0.825465783318806,3.53009882159059,0.000415404476116051,0.0164520482392637
"C1orf135",242.161872159263,3.30884863026487,0.654121117450406,3.52969590595723,0.000416037560358674,0.0164520482392637
"QPCT",1670.28555614177,3.87064430343337,0.814334990671104,3.52513933002883,0.000423260107989102,0.0166854477308382
"LOC415056",12.7870582783919,-7.20545529764789,1.76062368636173,-3.52457787868982,0.000424158112502155,0.0166854477308382
"DOCK11",4703.14725836779,-3.49964418324286,0.709289033068031,-3.524154564227,0.000424836352153743,0.0166854477308382
"GTSE1",461.9442415968,3.98203480808125,0.846753751576295,3.52172612466136,0.000428746836703399,0.0168008482654681
"GIMAP8",1796.5824951263,-2.91712675340126,0.544775914219567,-3.51911070838675,0.000432995980623177,0.0169289672876677
"SLCO1C1",73.175095159671,-4.46438745070298,0.98559793824272,-3.51501085410125,0.000439736015184908,0.0171536751205652
"DGCR9",43.5994989642715,3.90063884342896,0.825707256919345,3.51291431572376,0.000443220384559164,0.0172506564539795
"FAM64A",249.35383073387,4.63745891721369,1.03705071502251,3.5075034080033,0.000452332559957396,0.0175355726808204
"ABCC6",618.647546114642,-3.4518896405439,0.699069122269608,-3.50736366753484,0.000452570187815861,0.0175355726808204
"NLGN1",97.1759540939299,-3.53081585037476,0.722009633998633,-3.50523833921522,0.0004561986865202,0.0175994013529709
"SALL4",114.133954459382,3.94715200879278,0.840792848919878,3.50520584538609,0.000456254372208261,0.0175994013529709
"PRC1",2163.00431301221,3.35548796417596,0.673776173302934,3.49595022428453,0.000472376808511384,0.0181807207748001
"FOLR2",1609.22054267213,-3.82835085028376,0.809543080852219,-3.49376199634281,0.000476265406214648,0.0182499120886769
"AIFM2",3299.44309125529,-3.25122161478717,0.644356801155243,-3.49375006324298,0.000476286693593732,0.0182499120886769
"CENPF",3531.69504023609,3.6578559308562,0.761621187465192,3.48973475869547,0.000483500178007563,0.0184853242835148
"FAM89A",1585.541455274,-3.35330019916327,0.674838534917108,-3.48720483108205,0.000488097375335182,0.0186083406897985
"CDT1",464.890294316416,3.73665896525617,0.784866878784465,3.48678105705579,0.000488871400565274,0.0186083406897985
"CRIM1",14596.6431712514,-2.49336573978904,0.428710265813786,-3.48339160237814,0.000495103572799541,0.0187780584131407
"GDF10",668.568148696498,-4.62562844935012,1.04089743687713,-3.48317549923805,0.000495503422046883,0.0187780584131407
"NKAPL",74.7934304969355,-2.99183643290693,0.572066576509041,-3.48182626760305,0.000498006681940834,0.0187953983721993
"CAV2",9243.81723852368,-3.0138676469712,0.578405636739037,-3.4817566065315,0.000498136245267478,0.0187953983721993
"CXorf61",246.443278745242,11.5313725783705,3.02631989603307,3.47992708641777,0.000501550260875393,0.0188829848762259
"CDC45",530.796185421039,4.77916446110358,1.08627552817775,3.47901095354987,0.000503268015713919,0.0189064664772875
"OIP5",154.437609179053,3.58766785496306,0.744279239164106,3.4767432957948,0.000507543507482567,0.0190130265123377
"XPNPEP2",279.002194276705,-4.0847475561599,0.887492139759453,-3.47580267809019,0.000509326884750432,0.0190130265123377
"EEF1A2",3640.79949303043,5.23682216904674,1.21911936443425,3.47531365069645,0.000510256369376954,0.0190130265123377
"KIF11",1855.93672712907,3.7493467186138,0.79123978125692,3.47473267110805,0.000511362680804061,0.0190130265123377
"NCAPG",996.208528107722,4.02431461114516,0.870405243463339,3.47460522998623,0.000511605655242,0.0190130265123377
"PKDCC",1559.06157174434,-3.42877656721226,0.699226635765199,-3.47351837441709,0.000513682189945875,0.0190313992022003
"DEFB132",960.134405379676,-7.16317279447513,1.77461413441903,-3.47296500965424,0.000514742458526809,0.0190313992022003
"HHIPL2",72.4348685663114,4.53274542583651,1.0173140413716,3.47262033371077,0.000515403901778238,0.0190313992022003
"GPR109A",1586.85171010638,-3.78078511477939,0.800916217631498,-3.47200500322349,0.000516586709088157,0.0190344028139711
"VSX2",12.3141446287328,-5.96477379916675,1.43020469513327,-3.47137288533661,0.000517804419854557,0.0190386769776736
"CBX2",1239.9254181864,3.55485299726799,0.736677731597822,3.46807414923025,0.000524202626153361,0.0192330054831343
"TLL2",34.8315207174981,3.65770790291176,0.766514237931971,3.46726488744967,0.000525783480543427,0.019250136286591
"KLHL33",11.1394894535964,-4.90567905384504,1.12696303398081,-3.46566740529979,0.000528917135556739,0.0193239260455729
"RELN",345.485885370583,-3.07242541923446,0.598248681634849,-3.46415375888684,0.000531902386731082,0.0193919939770039
"S100A7",571.406834054955,7.66326865376852,1.9238222601883,3.46355731070309,0.000533083023110912,0.0193941215207993
"SGK2",520.860578045786,-4.05094163874845,0.881397484508969,-3.4614821262488,0.000537209791140034,0.0195031983207793
"PREX2",859.881303447718,-3.5626938637759,0.740741953277669,-3.45963105294141,0.000540915984033303,0.0195965809645273
"MKI67",3994.8658693616,4.17449535549402,0.919037464957128,3.45415228055159,0.00055202557385502,0.0199572258196414
"SCN9A",253.041589356478,-3.49881232773537,0.724594574941966,-3.44856615568161,0.000563571396652856,0.0203321029343591
"PTGFR",629.979806524576,-3.36648749752208,0.687164948351079,-3.44384198175519,0.000573510785294828,0.0206444990731303
"RRM2",1745.094721605,3.98948594498382,0.868198793735501,3.44331962513021,0.000574619758936153,0.0206444990731303
"C16orf59",166.714847731731,3.24415554392338,0.651877854688622,3.44260129069015,0.000576148058586703,0.0206564618266324
"MND1",162.279739596571,4.9754434947009,1.15742203334612,3.43473977526404,0.000593123092539166,0.0212210355324417
"TUBB3",2273.28164552447,3.63184117892515,0.766934417066406,3.43163785632698,0.000599948120653457,0.021414395292321
"ACTL8",112.901875940806,6.66922833916348,1.65227742467443,3.43116007911357,0.000601005828179832,0.021414395292321
"METTL7A",9034.96633750686,-2.73696791261937,0.506783613698512,-3.42743503473398,0.000609312076541248,0.0216656831166858
"RAD51AP1",604.237119037008,3.7592773452568,0.805559240692153,3.42529413837519,0.000614134147223836,0.0217923043083678
"BLM",498.752352681451,3.70306378686505,0.789617164959748,3.42325864585636,0.000618751719966983,0.0219111649031751
"LPL",68776.3477654024,-5.04656796872283,1.18296188823268,-3.42070865424778,0.000624582033894625,0.0220723969892291
"VWA5B2",79.893472511617,4.81214832842974,1.11518260102102,3.41840728589154,0.00062988773442508,0.0222144692624486
"CDCA5",660.697385026472,3.31308800284492,0.677991604202085,3.4116764698984,0.000645646943900242,0.0227238795061916
"C20orf103",514.598230558687,3.92008373846738,0.857176188137926,3.4066318907094,0.00065769765072293,0.0230401853192554
"COL1A1",222691.410815111,2.81467345425637,0.532703663030865,3.40653458985362,0.000657932129956666,0.0230401853192554
"ASF1B",922.361796547551,3.64688613878008,0.777068951932529,3.40624359292366,0.000658633849181886,0.0230401853192554
"UNC5B",3226.88072964203,2.93148287965942,0.568150563359533,3.39959687488184,0.000674852689476181,0.0235598572259351
"TRIB3",2330.17363783408,2.54028034386879,0.453408435548986,3.39711444054591,0.000681004803168644,0.0237019416778722
"LOC283867",38.4544000625239,4.86351943759576,1.13738333218302,3.3968490026844,0.000681665703020801,0.0237019416778722
"PKD1L2",478.642118462465,-4.4862038934911,1.02716192583773,-3.39401588571133,0.000688756971358002,0.0238955118312705
"ESPL1",517.142851493529,4.0128929244944,0.88783637317069,3.39352274308676,0.000689998287356287,0.0238955118312705
"TTLL10",17.3214262959644,-4.2200124125974,0.949203494766074,-3.39233097049538,0.000693006752386861,0.0239516993759947
"DDN",70.5651133968185,4.64784238321239,1.07579933023451,3.39082046315945,0.000696837337573573,0.0240360200211755
"PPAP2B",11042.6957560311,-2.65442270892409,0.488113723479674,-3.38942059881048,0.00070040489623716,0.0241109502228573
"PPP1R12B",5884.74482785044,-2.00455795001409,0.296868183772866,-3.38385184039352,0.000714765622470555,0.0245563910972439
"STX11",1312.95382593451,-3.48084521860216,0.733578718819249,-3.3818391332225,0.000720022959142877,0.0246442049754251
"SPESP1",87.9441220687427,-2.89339898225681,0.55988210186401,-3.38178158571801,0.000720173804327857,0.0246442049754251
"ADM2",719.756710610961,3.39030226871067,0.70715266434813,3.3801785515637,0.000724387542206015,0.0247338515903177
"LMX1A",46.9890385164608,-4.06830186502248,0.907862825817731,-3.37969765670138,0.000725656082188015,0.0247338515903177
"BMPER",321.589486088128,-3.50024088998933,0.73992910292008,-3.37902763943504,0.000727426944077697,0.0247454035838714
"GABBR2",65.6977652216815,5.89120417564814,1.44855085204411,3.37661889380408,0.000733826493336469,0.0249140582148281
"RECQL4",610.281840369673,3.53792554471522,0.751804328200062,3.37577937439042,0.000736069188314076,0.0249411993005011
"TCF21",14.6344532940966,-4.83693935866898,1.13855065648519,-3.37002076878507,0.000751625184642594,0.0254184634360248
"CCL14",3811.63166008051,-3.81135465112613,0.834638416162997,-3.3683504098104,0.000756194200898247,0.0255230312221145
"CCNB1",2057.73455753893,3.46299979318334,0.731563329387863,3.36676223949642,0.000760562308275728,0.0256204234879393
"HMGA2",18.5212987832404,3.66580165361287,0.792372640658332,3.36432824257791,0.00076730226712405,0.0257971799186201
"UTS2D",34.6499011158778,-4.48775878345019,1.03817067262734,-3.35952351131589,0.000780770073805151,0.0261990051367511
"LOC148709",23.5271528404638,3.49677897308454,0.743740868305603,3.35705496293718,0.000787774508756034,0.0263828125694051
"LOC100133920",21.2461824550646,-6.75284035229396,1.71416098808153,-3.35606771609735,0.000790592085346767,0.0264259609804207
"GPC2",71.4292283732435,3.51974674542013,0.751152415598571,3.3545079441863,0.000795062702006686,0.0265240898713852
"CENPI",165.241422730979,3.4964611074299,0.745514643259144,3.34864127754244,0.000812088658371723,0.0270120307396086
"UBE2S",878.377773916097,3.26585999649686,0.676700622005928,3.34839354777039,0.00081281499824064,0.0270120307396086
"MYO16",168.946377895134,-3.75326662795781,0.823043129300735,-3.34522764353432,0.000822150610089414,0.0272698362628698
"GATA5",83.3581806492976,5.5163036066772,1.35069627357119,3.34368554577873,0.00082673388435224,0.0273693261599445
"PLD5",14.3980586460927,-3.24811055061263,0.672674759441244,-3.34204683475862,0.000831630272649922,0.027478781532817
"FOXJ1",111.186419228611,5.33381419910524,1.29714169811203,3.34104917405172,0.000834624393896054,0.0275250842574766
"SEPT3",1675.00064246251,4.27390064869258,0.98064037089301,3.33853341741502,0.000842218992331753,0.0276396347946411
"PNPLA2",20895.1676189232,-3.26155538036631,0.677449345888731,-3.33833871726516,0.000842809419882415,0.0276396347946411
"S100P",882.298446924263,4.70789899214017,1.11071135775383,3.33831014354494,0.000842896101890855,0.0276396347946411
"HMGB3",3648.18272063989,3.2121253539093,0.6632701167932,3.33518018964062,0.000852441433391788,0.0278553702406822
"BGN",24037.5770945848,2.1972916598751,0.358997639087557,3.33509619427632,0.000852698967497302,0.0278553702406822
"GYPC",2745.18949144445,-2.86887375636229,0.561438705872095,-3.32872268480195,0.000872452276525394,0.0284468826238402
"CLSPN",325.321833966839,3.95811054012005,0.889214945996577,3.32665409352154,0.000878954073195198,0.0286049064762452
"AVPR2",169.05818334836,-3.78275272468819,0.83671484860206,-3.32580774601702,0.000881627157347537,0.0286379678686518
"PRSS1",7.07563814243595,6.14538213540058,1.5474396402354,3.32509391747123,0.000883887553406601,0.0286575249726444
"CXCR4",4635.8905580523,2.86277715969246,0.560394049553175,3.32404878527481,0.000887206742253455,0.0287112728705655
"ASAM",3009.66951688391,-2.94280468446459,0.585012423144003,-3.32096312420764,0.000897073890873777,0.028954147593602
"CLEC5A",200.327936649197,3.33436465763016,0.702983064509818,3.32065561103935,0.000898062792093667,0.028954147593602
"OSBP2",872.499676181968,3.10514302433576,0.63512850207845,3.31451512165916,0.000918022143147617,0.0295425338095605
"SPC25",281.909334435372,4.12058345587071,0.942604481623194,3.31059687993099,0.000930972193692806,0.0298681623149182
"USHBP1",264.289123868593,-3.11795599892632,0.639855690747311,-3.3100526096012,0.000932784372469772,0.0298681623149182
"AKAP12",10185.5953362456,-3.18181533528375,0.659180596151485,-3.30989010905648,0.000933326060416401,0.0298681623149182
"GPRC5A",6486.72859359612,2.48857630628136,0.450031887571036,3.30771295855429,0.000940611654671466,0.0300456746846166
"RUNX2",825.710600032887,2.60017052105625,0.484310825113191,3.30401559924303,0.000953105287386106,0.0303322694111389
"SEMA7A",895.388532563434,3.38355864598233,0.721488587489971,3.30366784355472,0.000954288252181077,0.0303322694111389
"CAT",16073.1022118507,-2.96844875593718,0.595867103319369,-3.30350298744742,0.000954849520262692,0.0303322694111389
"GPR133",789.213316441251,-3.88857843157845,0.875548420101126,-3.29916468953804,0.000969730014099213,0.0307154469405186
"GNAI1",4006.72905823618,-3.19668963160252,0.665875084033259,-3.29895153652092,0.000970466641370473,0.0307154469405186
"MAPK15",202.937186105891,4.00917694389004,0.912956006740669,3.2960809958774,0.000980437442581337,0.0309742951467058
"CENPM",252.41923163583,4.00092307286336,0.910905335568907,3.29444010884966,0.000986179576732564,0.0310988490246632
"CKAP2L",301.709601154371,3.96864726804506,0.90128956762297,3.29377746585314,0.000988507249263338,0.031115471356138
"CCL13",424.019799602493,-4.1533727214234,0.957722034407657,-3.29257614227674,0.000992740125469704,0.0311339226892338
"ANKRD53",226.854182360577,-3.86630873850129,0.870587406061139,-3.29238479507708,0.000993415886629803,0.0311339226892338
"ACSM2A",6.94110891722869,-6.32223050842449,1.61667786163284,-3.29207854869061,0.000994498311698227,0.0311339226892338
"CHRNA2",51.556028417344,-6.9652410374919,1.81245234005678,-3.29125401294967,0.000997418055763317,0.031152071311505
"ANKRD29",505.509858102175,-3.09868223179605,0.637723389744791,-3.29089737893402,0.000998683380971806,0.031152071311505
"FUT5",6.68076204335782,6.06324996946425,1.53996042619235,3.28790914581062,0.0010093440689284,0.0314278826218948
"ABCA6",1523.98078901609,-3.70291956965178,0.822726701873994,-3.28531888353096,0.00101867010403436,0.0316612195464348
"MEX3A",3029.77560739299,4.12710122493527,0.952733993173012,3.28223958349663,0.00102986062495858,0.0319515645599806
"KIF26B",636.281015532825,3.99958526703181,0.91408342398526,3.28152243911622,0.00103248308954713,0.0319755201979639
"FBLN5",7394.64891443649,-2.81735549171586,0.554318696125527,-3.27853905058312,0.00104345925832632,0.0322576376442524
"MEOX1",1401.41140441278,-3.97975364879956,0.90944262468203,-3.27646139286839,0.00105116682851544,0.032437882077813
"POC1A",374.896518288658,2.39603999153629,0.426247357227663,3.27518744190277,0.00105591887253546,0.032526442132416
"GCNT3",41.8068072393979,5.89756055308039,1.49691042533282,3.27177930636129,0.0010687296564283,0.0328346833080157
"MCM2",2335.54203508113,2.61488626835758,0.493620171818068,3.27151595610394,0.00106972551949614,0.0328346833080157
"TMEM151A",13.9123562022269,3.60132475434762,0.795493845641627,3.27007527286331,0.00107518869526276,0.0328921217040452
"PAPL",20.4954669947222,5.99933504703938,1.52883987092011,3.27001875221281,0.00107540355088164,0.0328921217040452
"KLF14",26.0608693387278,-3.80112199295928,0.857534169374595,-3.26648440726526,0.00108891804500832,0.0332466302752451
"ADRBK2",6609.58984301711,-3.3431231910169,0.717559766801365,-3.26540491736562,0.0010930769663236,0.0333147496561519
"TSHZ2",878.120454517131,-2.45089572882764,0.444788739100065,-3.26198844818602,0.00110633651855686,0.0336595094668683
"PEAR1",1090.42206527825,-2.61090723854811,0.494503923589157,-3.25762276435744,0.00112349650174504,0.0341215167779543
"FOXP2",150.92910034607,-3.1505952352421,0.661797594445448,-3.24962685463399,0.00115556526306601,0.0350339005456906
"ACSL1",52121.2136662136,-3.43446981084153,0.750119358353983,-3.2454432534358,0.00117267933989114,0.0354900047495518
"ERVFRDE1",21.8981009618616,-3.66560599585164,0.82146315835865,-3.244948928906,0.00117471689813921,0.0354900047495518
"DKK1",1069.98804836237,5.23823293813586,1.30846588450722,3.23908554920559,0.00119913600365547,0.0361645188118153
"TMEM158",676.326497602403,3.44850976743457,0.756512087791085,3.23657719017272,0.00120972504034015,0.036420310839927
"C17orf91",867.825948800721,-2.25327788732897,0.387284903919812,-3.23606181042486,0.00121191138446956,0.0364215170828922
"C5orf46",646.475559194129,5.22138943214352,1.30474996426268,3.23540107129189,0.00121471971151285,0.0364215170828922
"HMMR",460.210451373239,3.8322550391433,0.875482314585184,3.23507967203799,0.0012160879206544,0.0364215170828922
"RAMP1",295.42259116558,3.42538795578456,0.749897344308442,3.23429329919985,0.00121944154478063,0.0364587704763911
"WDR62",375.916023247248,3.6836979969283,0.830401424645801,3.23180803558111,0.00123009662493244,0.036713816537923
"GPR17",38.4216117657313,-3.53136053814291,0.783561791943241,-3.23058189433294,0.00123538507975092,0.0368080854537512
"LY6G6C",198.741557378505,4.63266163023279,1.1248805197186,3.22937553504931,0.00124060869749905,0.0369001013794855
"APBA2",319.937415214683,3.2228754353454,0.688650561211667,3.22787137708027,0.00124715037320521,0.0370309374559438
"RHOXF1",11.3993922940362,-4.83000769255593,1.18856141501961,-3.22238938952325,0.00127126239225667,0.0376821361931176
"SHE",1552.14741585824,-2.7817864476306,0.55450884342615,-3.21326966874226,0.00131233009909315,0.0388295358527839
"CAPN11",106.726960967243,-3.41459909610465,0.751555360724073,-3.21280270528354,0.00131446550974357,0.0388295358527839
"USP53",3608.33914991822,-2.01069712668688,0.314689450353924,-3.21172865995404,0.00131938926335028,0.0389084741637476
"MATN2",6166.80164113724,-3.00399092708041,0.624187282095302,-3.21056033111299,0.00132476456319272,0.0390004368254403
"PHGR1",18.2328124426449,-6.58307085479855,1.74144465401335,-3.2059995946077,0.00134594178042961,0.0395564964415034
"RSPO4",232.348238982961,4.5458547418566,1.10763746056345,3.20127737468615,0.0013681975609703,0.0401423124806924
"LOC339524",1478.19093904983,-3.59916496904572,0.813224181691135,-3.1961235629278,0.00139287448080054,0.0407970574622274
"C1QTNF9",75.6269194782894,-3.7463018138281,0.859670724628277,-3.19459734425131,0.00140026053628948,0.0409439971702513
"ITPRIPL1",107.06135153986,-2.40325218999682,0.439762021395142,-3.19093537351182,0.00141812997659003,0.0413377675721795
"CXCR2",39.6820335629766,-2.5114331773659,0.473735824155677,-3.19045573566169,0.00142048599013418,0.0413377675721795
"MAD2L1",630.723670395294,2.82743346651876,0.572796573186038,3.19037080887917,0.00142090353208001,0.0413377675721795
"CDKN2A",1740.4874017899,4.17361971438117,0.995272242710633,3.18869509084046,0.00142916536555908,0.0414707704315119
"DTX1",1008.60740720703,-2.95519059701575,0.613206378127579,-3.18847074452473,0.00143027482073845,0.0414707704315119
"CHST6",177.519869934568,3.56199371110358,0.803790051665789,3.18739166501757,0.00143562227205115,0.0415560946119195
"FAM71E1",298.988722071247,3.63622566748103,0.827934004234723,3.18410121337841,0.00145204231464357,0.0419584283216149
"SYNPO2",9280.52092374336,-2.75181406539607,0.550255759469589,-3.18363603696707,0.00145437755712327,0.0419584283216149
"ARTN",280.819713792761,4.30568803725714,1.03879157604723,3.18224378545291,0.00146138752876527,0.042090396474321
"AGXT",10.8887415279704,-5.78059830953228,1.50415505135434,-3.17826164611675,0.00148160981907287,0.042601829090513
"SLIT3",6586.04800092705,-2.75420921826822,0.552300064404231,-3.17618869040056,0.00149223855363088,0.0428361701749091
"ALPK3",2719.04828791018,-3.45298969479663,0.772784411493673,-3.17422253647092,0.00150238455181232,0.0430558995686048
"LRRN3",447.381586201169,-3.33392446409155,0.7354843112397,-3.17331645070387,0.00150708161061273,0.0431190021738387
"C15orf42",415.198973755656,3.75934059860751,0.8697941142118,3.17240661154393,0.00151181173570551,0.0431828406689702
"HAGHL",183.186696866406,3.51101599641762,0.79185153063584,3.17106919576367,0.00151878960189548,0.043310566188706
"FSD1",50.4875589828814,6.19566164145052,1.64092944125151,3.16629192629262,0.00154395760368004,0.0439557353364001
"PPP2R1B",6225.54619883105,-2.66730708716725,0.52717549782648,-3.16271733804299,0.001563040146651,0.0444258170629538
"ADAM19",923.181958086794,2.40576837865113,0.44595056995651,3.15229640538014,0.00161991744173874,0.0459668198861858
"FANCI",2331.50434265962,2.72312437135258,0.546744885821729,3.151605833062,0.00162375306367834,0.0460001257269269
"ALDH2",24789.5695747774,-3.56437976028288,0.814955721653073,-3.14664918859793,0.00165152983221514,0.0465738839028306
"OXTR",3831.59579824284,-4.01705974145519,0.958855148200534,-3.14652296242791,0.00165224287203342,0.0465738839028306
"FAM72A",107.956971730001,4.37559599840039,1.0728773848157,3.1463017546784,0.00165349313712671,0.0465738839028306
"CDC7",670.138669215853,2.80379931139883,0.573349461007161,3.14607309167122,0.00165478645427568,0.0465738839028306
"GAL",352.872773991918,4.99284826289437,1.26961310907406,3.14493307792512,0.00166124826709135,0.0466797256969197
"FAM149A",545.673263112728,-3.10232244368519,0.668897002187813,-3.14296885291601,0.00167243635114572,0.0469178126366058
"MRAP",929.099865562062,-7.03580894047923,1.92172607892373,-3.14082688822103,0.00168471581175414,0.047185695207331
"CTHRC1",3597.90818233987,2.64398344388237,0.524035614757828,3.13715976087256,0.00170593143716783,0.0477025908830053
"RNF157",1489.16243149561,-3.58029154195328,0.822972688198468,-3.13533070897125,0.00171660474273149,0.0479235000955459
"EFHA2",308.392016841727,-2.59025373583545,0.50774730253088,-3.13197869867312,0.00173632472418951,0.0482750709917305
"PNPLA7",791.786155709618,-3.03820285620898,0.650826203179117,-3.13171603456175,0.0017378787529849,0.0482750709917305
"LOC286467",66.667158235022,3.82098485394032,0.900877854612201,3.13137329272531,0.00173990847775088,0.0482750709917305
"CCNE1",474.014141945589,3.79618000155818,0.893070444379982,3.13097361933127,0.00174227810531953,0.0482750709917305
"GIMAP6",2335.09635992225,-2.69339810630796,0.540879357097533,-3.1308240628651,0.00174316557484173,0.0482750709917305
"TENC1",9306.75581956617,-2.64935102801349,0.52711923108855,-3.12899042709452,0.00175408022822268,0.0484574494285894
"KLK11",473.474704491945,-5.47704161585559,1.43092419275116,-3.12877624023382,0.0017553592582777,0.0484574494285894
"CD34",11384.4833822038,-2.38703663818561,0.443506278191218,-3.12743405536999,0.00176339373971756,0.0485600500113958
"PGM5",1231.07148730238,-3.31090742341906,0.739012895738479,-3.12701907740029,0.00176588468219872,0.0485600500113958
"S100A14",11668.0451518773,4.26261787999341,1.04345363439559,3.12674926076927,0.00176750601569168,0.0485600500113958
"SULT1C4",233.252091915081,-3.24863728952195,0.719339310328261,-3.12597581869371,0.00177216123155587,0.0486106638770111
"PSG5",5.17080417123495,-5.88896702686278,1.56567654909741,-3.1225906970895,0.00179266861525646,0.0490952556897731
"PPM1E",129.627589297561,3.56832019270589,0.823105687119408,3.12027997485249,0.00180679220916226,0.0493671290443223
"CCL16",14.5358034974448,-4.84809934970179,1.23335222632613,-3.12003275914489,0.0018083092810055,0.0493671290443223
"CSMD2",157.98793194575,3.27643423874531,0.730545912959116,3.11607278661582,0.00183277028476699,0.0499446944354995
"SRPK3",119.329964452547,2.9188656084421,0.615874813686269,3.11567475370016,0.00183524570143754,0.0499446944354995
"PTGER4",1142.90408170207,-2.21024864628405,0.38879314560332,-3.11283431812054,0.0018530001055975,0.0503485767686012
"HLF",2619.58454009642,-3.05895798240447,0.661712000486876,-3.11156210086794,0.00186100326917672,0.0504866522678852
"STRA6",776.787120970044,4.38214949686875,1.08728992052436,3.11062342529364,0.00186692856014252,0.0505680132411017
"VGF",38.2199392649691,5.62220896259168,1.48840904347885,3.10546955008298,0.0018997717996815,0.0513770836780845
"MOGAT1",16.3000815463621,-6.36924566491064,1.73111723066134,-3.10160719898757,0.00192473169028798,0.0519707630310415
"C3orf55",343.932452775485,-3.55801292054991,0.825265858976587,-3.09962285816852,0.00193767197562707,0.0521773241742692
"XRCC2",205.012640837813,3.0646655380885,0.666126761074238,3.0995084700679,0.00193842035298193,0.0521773241742692
"PTPRM",5324.74193030912,-2.43420754428317,0.462898034913801,-3.09832281865324,0.00194619305368949,0.0523050733449581
"RAD54B",496.281090383338,2.91028029963572,0.616779196910056,3.09718665805502,0.0019536681489357,0.052424439878506
"CCNA2",876.181891224257,3.53905507747208,0.820585679809075,3.09419861928719,0.00197345322470759,0.0528732483351502
"TLR4",2522.24074037233,-2.51566076301542,0.49022548702248,-3.09176247081972,0.00198971992374007,0.0532265479909476
"KLF15",871.42696626069,-3.89705267325722,0.937502410116436,-3.09018157393047,0.00200034166680735,0.0534279819846952
"ATP1A3",74.2498300904785,3.49093815706781,0.807430963530504,3.08501688636778,0.00203540596673515,0.0542806335048613
"SV2B",381.34536904228,-2.97353772354271,0.640061226233297,-3.08335772056808,0.0020467895720158,0.0544286545490503
"KCNA4",29.7774584874568,-4.36034061672404,1.09015817718609,-3.08243398714647,0.00205315262984217,0.0544286545490503
"FANCA",398.39099573897,3.0696188101226,0.671435222619929,3.0823804596473,0.00205352190509438,0.0544286545490503
"LOC728264",1442.3212688756,-2.75536905286285,0.56948576006626,-3.08237567285021,0.002053554931195,0.0544286545490503
"ARHGEF15",2163.61579366451,-2.57405059480151,0.510818357960034,-3.08142918176928,0.00206009474847493,0.0545183726621673
"F10",349.731783335681,-3.42398120877939,0.787481753765346,-3.07814269624549,0.00208295148282594,0.0550389672396255
"MMD",8640.10350992659,-3.58781101065235,0.840939890509661,-3.07728416722386,0.00208896054930428,0.0551134767214157
"RDH16",81.4143028443941,4.08036069706193,1.00135330089397,3.07619767599697,0.00209658797533179,0.0551571622434804
"SOX5",259.247322593683,-3.40720288314119,0.782540322467332,-3.07613909983749,0.00209699991863704,0.0551571622434804
"XKRX",31.3913080163002,2.68756272241412,0.549198888589628,3.0727715541229,0.00212080774453335,0.0556985997466273
"KCNA6",220.398019716792,-3.27225808871506,0.73967083425326,-3.0719855150285,0.0021264004349612,0.0557607373544227
"PDZD2",6209.07277036327,-3.0213731989455,0.658649386247619,-3.06896695138734,0.00214800351889888,0.0562418921365024
"LIMS2",2369.84686364356,-2.33991171308492,0.436740343709466,-3.067982457733,0.0021550926865314,0.0562954121190091
"TNFRSF8",151.677636034459,-2.75126409104901,0.570857380559507,-3.06777866186571,0.00215656286226399,0.0562954121190091
"CDKN1C",2140.69451343976,-2.85371308060436,0.604403498654742,-3.067012492036,0.00216209821280156,0.0563547801137614
"BANK1",466.770295576903,-3.46567517470614,0.804250711973369,-3.06580415534378,0.00217085456334182,0.0564977977546836
"KIF15",324.758676631559,3.43357657513702,0.793958968665183,3.06511629842583,0.00217585370615212,0.0565427487158117
"C19orf45",11.1801078082059,4.33715607013909,1.08959516575656,3.06274860151562,0.00219314222397331,0.0568329232833984
"DLX4",251.43526885805,4.36024653523218,1.09715655432901,3.06268647074455,0.00219359758289605,0.0568329232833984
"PBK",372.499797994965,4.15650773630742,1.03174171666102,3.05939721670137,0.00221782875528451,0.0573746986827419
"DGAT2",19539.5893593034,-3.80137243866617,0.916284671397078,-3.05731671184116,0.00223328174290272,0.0576881043334856
"KPNA2",9028.94188092189,2.92817495154152,0.631084784972206,3.05533423948169,0.00224809833021968,0.0579841600664572
"C1orf183",223.041665900836,-2.15209121553082,0.37713844605144,-3.05482304334912,0.00225193348319436,0.0579965164278416
"DEPDC1B",165.765629959964,3.7179544856588,0.891000447875535,3.05045243483253,0.00228496870145158,0.0587257213114339
"LTBP4",5969.51073631386,-2.53855787109714,0.504415470777241,-3.0501797828017,0.00228704417814913,0.0587257213114339
"HOXB8",90.7385995644226,-3.25186890142549,0.738844976819132,-3.04782325396623,0.00230505459708694,0.0590863210584214
"KNDC1",367.491088285652,5.10996840379019,1.34865857553444,3.04744913082358,0.00230792585582052,0.0590863210584214
"DOC2B",121.946709883643,-3.07422307350206,0.680856206693304,-3.04649212728173,0.00231528542244715,0.059187052345132
"RXRG",83.7820883054649,-4.27594987292179,1.07547969689816,-3.04603599897805,0.00231880070703439,0.0591893574863534
"CCKBR",44.8447290586587,5.00857772815302,1.31658230095623,3.04468450262593,0.00232924512234026,0.0593682669014189
"LAGE3",1035.35662985118,1.98445201650208,0.323593641661176,3.04224771367067,0.00234818565414188,0.0597628811328803
"RCOR2",148.635213772489,3.11764879140025,0.696738334549463,3.03937459214097,0.00237069880472082,0.0602471265358536
"DDR2",3382.76814279508,-3.09478976958151,0.689557623262025,-3.03787486196134,0.00238252869961997,0.0604588523614283
"MYH2",13.4203136520118,-4.46565517509078,1.14154157070522,-3.03594303004645,0.00239784665911551,0.0607583403462979
"C20orf160",422.744765190242,-2.41589722271103,0.466695507728404,-3.03387797667644,0.00241432061289201,0.0610861998702589
"CXCL12",20293.527906378,-2.43012938222666,0.47164658098709,-3.03220555364485,0.00242773821183583,0.0613358830975657
"PDE1B",1459.42161280632,-3.42776473009063,0.800816035477033,-3.03161353236945,0.00243250424149118,0.0613665778061446
"IQSEC3",180.157726191874,-2.70587323083119,0.563292234618786,-3.02839827356338,0.00245853834672574,0.0619329463116143
"WFIKKN2",10.7576235222621,-3.79677580348188,0.923765082812848,-3.02758337105117,0.00246517702675238,0.0620097877719182
"TEK",2101.18870295328,-2.64638125162227,0.544028500771296,-3.02627757422289,0.00247584903128576,0.0621877138221647
"ADCY4",1054.44859778006,-2.57601489742872,0.52102237454776,-3.02485070587742,0.00248755884781785,0.0623911530466477
"SLC16A3",2085.69217218429,3.5089786066355,0.829928238809024,3.02312716848384,0.00250177088353557,0.0626566704904032
"UMODL1",13.3882550061729,3.60210997150715,0.861765628341613,3.01951004534105,0.00253183896802372,0.0632759641448635
"ECM2",6574.82614829717,-3.16902842523512,0.718394282909254,-3.01927294918228,0.00253382137539758,0.0632759641448635
"TLN2",6103.19820154037,-2.6091935629066,0.533070486081017,-3.01872567497955,0.00253840266388168,0.0632988981739384
"MMP9",4155.3533526337,3.76074384328988,0.91585814291149,3.01437931699067,0.00257505635264372,0.0641203873631644
"EYS",167.30883404081,-3.18733148258249,0.726335469553127,-3.01146174773514,0.00259993158308547,0.0645819457958051
"EIF4E1B",21.2632726899693,6.65333639747895,1.87747676130805,3.01113521828107,0.00260272920450328,0.0645819457958051
"PPAP2A",4872.74875987715,-2.35497041101164,0.450022730119922,-3.01089327343658,0.00260480390137586,0.0645819457958051
"EZH2",711.101539120499,3.02491890394785,0.672637006398329,3.01041852393817,0.00260887931215409,0.0645903200477576
"GAPDH",175988.050720996,2.64758685910539,0.547448659239309,3.00957328381211,0.00261614957158799,0.0646776548592448
"LOC283856",6.41582210352272,-4.47444914590655,1.15535962499719,-3.00724473205908,0.00263627431099951,0.0650820805262609
"HBA1",1572.71536399051,-6.70422554817575,1.89874943493528,-3.00420131441417,0.00266279069192381,0.0656429186121759
"ALAS2",11.5628565065856,-5.89489602123183,1.63229634018626,-2.99877902113857,0.00271063829210052,0.0667272654213519
"TBX15",1474.72182541188,-2.96405392529934,0.655306474944324,-2.99715324110938,0.00272513689166409,0.0669887491107356
"CASC5",316.061245767331,3.28034213125745,0.760953690933787,2.99668975711148,0.00272928317081867,0.0669953728336895
"CORIN",219.196553413415,3.57421056246932,0.859731538180243,2.99420278092629,0.00275162999899076,0.0674481106561125
"TMEM92",79.6422440842811,3.7694833723783,0.926370492580639,2.98960663639362,0.00279336924507399,0.0683742406857276
"CETP",432.085081913505,-3.71799145218451,0.909298421595559,-2.98910829231972,0.00279792946318858,0.0683889944177678
"CACNA2D1",565.791373493223,-2.5697504843729,0.525444989212602,-2.98746874858437,0.0028129805268934,0.0686597690469559
"FMOD",13189.5016755829,-2.44605566759799,0.484507300351375,-2.98459004962212,0.00283958606294743,0.0692114058586665
"LHFP",5486.6899128899,-2.40417282362137,0.471315900445099,-2.97926045417799,0.0028894505713985,0.0703275990483627
"SLC7A5",6843.25947298098,3.64400014013801,0.888957986783301,2.97426895246798,0.00293687534993655,0.0713813543210317
"RANBP17",303.439007268088,2.38756115582823,0.467092606361358,2.97063395337662,0.00297185768708394,0.0721301582731708
"SPAG5",1048.94925371612,3.02227626280418,0.680982163452245,2.96964644793666,0.00298142664745095,0.0722609171032256
"MAZ",9347.64738984747,1.76736927948716,0.258811186715625,2.96497724547868,0.00302705318429966,0.0732640141146813
"PLEKHH2",848.067120794112,-2.5403739044048,0.519665156989339,-2.96416622066582,0.00303504297632117,0.0733546540892393
"DQX1",63.9628229472253,4.92995053643177,1.32639699472416,2.9628765385201,0.00304778787096576,0.0735598075393286
"LOC729467",9.69551202046415,-5.06808550090066,1.37376127770699,-2.96127541729149,0.00306367837752202,0.0738402036847393
"ALDH1A1",5394.03235923884,-3.22733040180542,0.752366749070121,-2.96043173699299,0.00307208193860665,0.0739396211435397
"TSPAN8",173.970075246971,-4.00894312133049,1.01668158808911,-2.9595727478314,0.00308065957633763,0.0740429459508909
"SLC7A11",356.473330607173,3.15471011575246,0.728889189918868,2.95615595011404,0.00311499545095278,0.074762398667345
"PCCA",1726.47247520074,-2.40348071074029,0.47484045843192,-2.95568898104227,0.00311971509288265,0.074762398667345
"GNG2",3798.31622612083,-2.78466803158148,0.60388566475114,-2.95530782688299,0.00312357223759175,0.074762398667345
"CPNE7",150.322501359588,3.78680171470208,0.943308186422703,2.95428551857525,0.00313393911326444,0.0749067798289389
"RGS7BP",83.2866924836102,-4.02216887612081,1.0232916382171,-2.95337982179391,0.00314314966506118,0.0750231621021027
"UTRN",11382.93948088,-2.0867865515711,0.368320250999885,-2.95065652410036,0.00317099329455701,0.0755833587906754
"C1orf182",33.1206497070974,4.27750327374481,1.11150845861715,2.94869845419117,0.00319115178898759,0.0758616396729534
"ASNS",3276.57036197212,2.86983023014913,0.634182397492293,2.94841080033581,0.00319412302890142,0.0758616396729534
"GFAP",127.080866940687,-4.17135916533813,1.07567697979203,-2.9482448959271,0.0031958378381986,0.0758616396729534
"ELANE",16.0509896216295,-4.21501302423753,1.0907693627347,-2.94747279679461,0.0032038293975297,0.0759470175839653
"C1orf61",60.9512544811158,3.98820089531249,1.01416526846491,2.94646344952788,0.00321430404220941,0.076090942675919
"IL1F5",12.4395511558821,6.37863322206604,1.8274679086545,2.94321623739272,0.00324821449364803,0.0767401796329295
"SLC38A5",283.614816947503,2.66801003953512,0.566774343805131,2.94298790650379,0.00325061116204528,0.0767401796329295
"KIAA0408",787.004597865966,-7.15473901601929,2.09233112803267,-2.94157025795737,0.00326552755810204,0.0769871510662501
"MCM4",5352.33668056903,2.43872923612996,0.489273443905615,2.94054225515559,0.00327638310521038,0.0771324009723437
"IGFBP1",18.4324369542481,-3.99609192439577,1.01902956196335,-2.94014230423623,0.0032806153992635,0.0771324009723437
"SCAMP5",1124.62928744695,1.9198434332083,0.313237150790428,2.93657195797864,0.00331861817672215,0.0776836946472731
"CCDC151",51.7021087851489,3.84472796970583,0.968794138441442,2.93635960089758,0.00332089108962762,0.0776836946472731
"MMRN2",5504.66639854713,-2.40918910296632,0.479926577575179,-2.93625977141383,0.00332196008032738,0.0776836946472731
"TMEM105",62.8982428001467,4.37678301250065,1.15003178748477,2.93625189255507,0.00332204446179821,0.0776836946472731
"HELLS",335.467267999273,3.01958185994849,0.688955724096142,2.93136668919912,0.00337474174628672,0.0788093406994336
"GSDMC",177.333777370449,4.07187776996138,1.04823895083469,2.93051290215395,0.00338402940627443,0.0789195845746673
"ARHGAP20",761.76045889462,-2.85577967002626,0.633508463282309,-2.92936839456124,0.00339651608948556,0.0791040357714285
"CDC25A",421.106206904273,3.77377676319068,0.947070647804268,2.92879604031814,0.00340277624819888,0.0791431713931693
"SLC25A34",109.320402328522,-3.03714524019415,0.695698551409982,-2.92820106648985,0.00340929494376237,0.0791471269629339
"CTXN2",5.48241299447678,5.19215830118177,1.43177505351857,2.92794478495738,0.00341210633570891,0.0791471269629339
"C14orf34",13.3159833583857,6.47442446489371,1.87010918853437,2.92732878831748,0.0034188724143863,0.0791977670147583
"VWA3B",56.1971202746964,4.55114036859702,1.21418776059462,2.92470446816062,0.00344783489778271,0.0797617601989062
"WHAMML2",146.837609512377,-2.77611445469776,0.607422782890339,-2.92401685403758,0.00345546036786675,0.0798312976164509
"TMEM178",161.040270848208,-2.60625953690915,0.549767445997322,-2.92170725750279,0.00348118572471695,0.0803182516806857
"E2F1",644.343813113296,3.21237497201308,0.757867933309085,2.9192091059364,0.00350920741808952,0.0808568178560066
"RTKN2",583.780670228007,3.580654991217,0.885293780233136,2.91502668248432,0.00355658133718239,0.081839257107655
"HIST2H3C",9.72455701271455,4.26626083344462,1.12198378603683,2.91114798100782,0.00360103423463542,0.0827519582562962
"CLIC5",1119.07838081787,-2.95678938743785,0.672377923279665,-2.91025228474665,0.00361137116160533,0.0828792895666689
"CFP",124.45773188043,-2.96255870104656,0.67449713633458,-2.90966202126771,0.00361819793708849,0.0829258336217855
"MRC1",2243.05794754053,-3.53179261429386,0.870820380477844,-2.90736490676136,0.00364487739903917,0.0834266573944316
"CST4",10.4183084795801,4.70874997952626,1.2782817164735,2.9013557275605,0.00371551826778542,0.0849310465417986
"DTL",783.310253616929,3.28411657111072,0.787388847983539,2.90087493232883,0.00372122367925826,0.084949096963358
"CAPS",972.488179889406,3.03570288005151,0.701923663063347,2.90017702376247,0.00372951966227338,0.0850261600049424
"TAL1",403.386551626711,-2.64559528752062,0.567995530023158,-2.89719760198381,0.00376512522361276,0.0857248076274732
"C1orf95",58.4622156266412,-3.06200894854898,0.711989434911593,-2.89612295834841,0.00377804336971198,0.0859057466736747
"TSKS",12.1829889462173,-3.79133110497234,0.965698869443968,-2.89047775998696,0.00384656747368664,0.0873420265463412
"OR7E91P",42.0123920722136,3.84990262935171,0.98619092737582,2.88980820066464,0.00385476936954229,0.0873420265463412
"MFAP5",7827.63964738987,-2.7608794967334,0.609368861589098,-2.88967751345453,0.00385637209969668,0.0873420265463412
"CCL23",22.2192955124315,-3.837911529269,0.983065637019397,-2.88679760781121,0.00389184488853921,0.0880300674330447
"GRIK1",13.0061447026796,-3.44843268747099,0.848584522788815,-2.88531386293069,0.00391023613768142,0.0883304453532975
"CHRNB4",11.5518821169515,4.54345539542711,1.22832007389738,2.88479808376326,0.00391664776716117,0.0883597781518436
"MARCH4",16.4525894192037,4.42647381669745,1.18952471628946,2.88054024416224,0.00396994266436457,0.0893493346572767
"LEMD1",98.5052535491035,5.30074758362903,1.49326367716756,2.88009924127179,0.0039755001135648,0.0893493346572767
"MT1M",289.675912943287,-2.95022854916932,0.677225341491275,-2.87973356826082,0.00398011362358612,0.0893493346572767
"RNFT2",272.39821865057,3.13918883331202,0.74286466661071,2.87964811016249,0.00398119250541653,0.0893493346572767
"PROK1",35.0403927685444,-4.51308802489303,1.2204596080332,-2.87849593855422,0.00399576425924419,0.0894759100884741
"SPP1",15161.8974234358,3.71244074908021,0.942348602768711,2.87838358449389,0.00399718781252833,0.0894759100884741
"FOXO1",5063.44024183307,-2.30954464033254,0.455029244241233,-2.87793511495336,0.00400287461908241,0.0894872914519574
"GIMAP7",1232.7510835998,-2.84093070807192,0.640538663330026,-2.87403526666339,0.00405263707376484,0.0904827148213569
"ELMOD3",2572.25779793838,-2.54244203235567,0.53686315347008,-2.87306368929569,0.00406512155703239,0.0905292216687547
"ARSI",180.836265952684,2.16638473716068,0.405973293895581,2.87305779640934,0.00406519738527595,0.0905292216687547
"SMS",6435.02459206139,1.93750542899554,0.326511161799402,2.87128140988796,0.00408811411092545,0.0909223937592055
"DNAH3",43.3988980733192,3.73896963170499,0.954849280486293,2.86848373631289,0.0041244440256987,0.0916124899847034
"HNMT",3614.19290497338,-2.07175575424887,0.373896087290918,-2.86645351657549,0.00415099113958993,0.0920837970259995
"KIAA1024",157.66038673933,2.3281149039745,0.463578562063881,2.86491872717678,0.00417116281336121,0.0924126468944809
"AGAP11",608.928426016761,-3.50390541940876,0.874966601599328,-2.86171542414527,0.00421355046737822,0.0932322223133969
"HDC",98.7495796061498,-2.64737377492135,0.575909569807415,-2.86047300007922,0.00423009571166906,0.0934786240324207
"CXCL10",924.894383983756,2.53226101711537,0.535923981805614,2.85910141948293,0.00424842933732187,0.0937131207207261
"SYT13",783.011613902724,4.17109996759691,1.10937678055269,2.85845172098976,0.00425713884645735,0.0937131207207261
"KIFC1",1106.65124863164,3.79887649196013,0.979252370947106,2.8581768857533,0.00426082801136253,0.0937131207207261
"PSRC1",460.957508884633,3.06260877860202,0.721681429427848,2.8580599340588,0.00426239875507729,0.0937131207207261
"FLJ42875",28.8792466213996,-3.66884366310976,0.933995972933086,-2.85744664907775,0.00427064420518014,0.0937750984875705
"DSG1",156.660004702013,-3.71916607238889,0.951958237128338,-2.85639218858118,0.0042848549624748,0.0939677393483846
"IL33",2617.0658184392,-3.2885214339487,0.802140925702306,-2.85301667153438,0.00433063495451544,0.0948513341558699
"OR2B6",8.62215986361113,4.56611426222354,1.25098068988779,2.85065492301358,0.00436292904060164,0.0954376920894138
"AKAP2",4026.41854505858,-2.07418060871284,0.376911101265064,-2.84995747036226,0.00437250753781204,0.0954945269331302
"LOC643719",60.7086527332793,-3.19686112368146,0.770973849992129,-2.84946256439682,0.00437931590894602,0.0954945269331302
"MSI1",330.814677810306,3.60694390234719,0.914954722572672,2.84926001039371,0.00438210519402652,0.0954945269331302
"DKK4",5.02258716716817,-5.24366840889414,1.49198980276515,-2.8443012150815,0.00445089489971493,0.0968714291712514
"RNF125",1408.9975143559,-2.5437837296897,0.543080655206641,-2.84264172345136,0.00447413341513699,0.0972347067325846
"SULT4A1",70.1592542054047,3.06190671116872,0.725490707927524,2.84208562375509,0.00448194525645383,0.0972347067325846
"GAL3ST2",4.39823973294494,4.84854454160486,1.35421230254574,2.84190634981688,0.00448446624997801,0.0972347067325846
"PIWIL2",82.1903464471514,-3.86089825924193,1.00690003133273,-2.84129324681345,0.0044930975661507,0.0972997732338975
"LOC100128164",17.2071584679832,-4.2539146213106,1.14636148812834,-2.83847168193277,0.00453301414379588,0.0980413234279558
"RDM1",28.9580719329067,4.81695603668712,1.34633181805624,2.83507823665479,0.00458144644320722,0.0989649699813299
"PRR11",212.988761213944,3.17651128514944,0.768276529697942,2.83297901343564,0.00461164135644402,0.0994928517861536
